Unnamed: 0,Unnamed: 1,Unnamed: 2,Unnamed: 3,Unnamed: 4,Unnamed: 5,Unnamed: 6,Unnamed: 7,Unnamed: 8,Unnamed: 9,Unnamed: 10,Unnamed: 11,Unnamed: 12,Unnamed: 13,Unnamed: 14,Unnamed: 15,Unnamed: 16,Unnamed: 17,Unnamed: 18,Unnamed: 19,Unnamed: 20,Unnamed: 21,Unnamed: 22,Unnamed: 23,Unnamed: 24,Unnamed: 25,Unnamed: 26,Unnamed: 27,Unnamed: 28,Unnamed: 29,Unnamed: 30,Unnamed: 31,Unnamed: 32,Unnamed: 33,Unnamed: 34,Unnamed: 35,Unnamed: 36,Unnamed: 37,Unnamed: 38,Unnamed: 39,Unnamed: 40,Unnamed: 41
,20 Tir 1400 23:07:59,,"-3.189840, 37.279490","Nkweeshoo Road, 4.55 km from Nkweseko",,0/0,0.0,0.0,0.0,0,0,0,1,0,0,52,0.0,0.0,0.0,0.0,1,1,1,0,1,0,2,174486.53,0,309792.0,1,11.08,100.0,2,0,0,5,0,,,
,20 Tir 1400 23:08:42,1900-01-07,"-3.190150, 37.279620","Nkweeshoo Road, 4.56 km from Nkweseko","guest in vehicle, kind of insisting to go to the lodge and not to the hospital!! ",0/0,0.0,0.0,0.0,0,0,0,1,0,0,52,0.0,0.0,0.0,0.0,1,1,1,0,1,0,2,174486.53,0,309792.0,1,12.59,100.0,13,0,0,5,0,,,
,20 Tir 1400 23:08:52,1900-01-16,"-3.190660, 37.279660","Nkweeshoo Road, 4.57 km from Nkweseko",,0/0,0.0,0.0,0.0,0,0,0,1,0,0,52,0.0,0.0,0.0,0.0,1,1,1,0,1,0,2,174486.78,0,309792.0,1,13.18,100.0,20,0,0,5,0,,,
,20 Tir 1400 23:09:14,1900-01-22,"-3.192090, 37.279810","Nkweeshoo Road, 4.59 km from Nkweseko",,0/0,0.0,0.0,0.0,0,0,0,1,0,0,52,0.0,0.0,0.0,0.0,1,1,1,0,1,0,2,174486.78,0,309793.0,1,13.62,100.0,13,0,0,5,0,,,
,20 Tir 1400 23:09:31,1900-01-19,"-3.192800, 37.279540","Nkweeshoo Road, 4.56 km from Nkweseko",,0/0,0.0,0.0,0.0,0,0,0,1,0,0,52,0.0,0.0,0.0,0.0,1,1,1,0,1,0,2,174487.04,0,309793.0,1,13.67,100.0,20,0,0,5,0,,,
,20 Tir 1400 23:09:49,1900-01-14,"-3.193250, 37.279190","Nkweeshoo Road, 4.53 km from Nkweseko",,0/0,0.0,0.0,0.0,0,0,0,1,0,0,52,0.0,0.0,0.0,0.0,1,1,1,0,1,0,2,174487.04,0,309793.0,1,13.13,100.0,13,0,0,5,0,,,
,20 Tir 1400 23:10:13,1900-01-13,"-3.193930, 37.278900","Nkweeshoo Road, 4.50 km from Nkweseko",,0/0,0.0,0.0,0.0,0,0,0,1,0,0,52,0.0,0.0,0.0,0.0,1,1,1,0,1,0,2,174487.04,0,309794.0,1,13.91,100.0,20,0,0,5,0,,,
,20 Tir 1400 23:10:23,1900-01-13,"-3.194230, 37.278830","Nkweeshoo Road, 4.50 km from Nkweseko",,0/0,0.0,0.0,0.0,0,0,0,1,0,0,52,0.0,0.0,0.0,0.0,1,1,1,0,1,0,2,174487.04,0,309794.0,1,13.86,100.0,13,0,0,5,0,,,
,20 Tir 1400 23:10:53,1900-01-23,"-3.195890, 37.278690","Shia Ya Lyamungo (Lyamungo Road), 4.50 km from Nkweseko",,0/0,0.0,0.0,0.0,0,0,0,1,0,0,52,0.0,0.0,0.0,0.0,1,1,1,0,1,0,2,174487.3,0,309794.0,1,13.86,100.0,13,0,0,5,0,,,
,20 Tir 1400 23:11:11,1900-01-25,"-3.196970, 37.278470","Shia Ya Lyamungo (Lyamungo Road), 4.49 km from Nkweseko",,0/0,0.0,0.0,0.0,0,0,0,1,0,0,52,0.0,0.0,0.0,0.0,1,1,1,0,1,0,2,174487.3,0,309795.0,1,13.86,100.0,2,0,0,5,0,,,
,20 Tir 1400 23:11:26,1900-01-27,"-3.197980, 37.278270","Shia Ya Lyamungo (Lyamungo Road), 4.49 km from Nkweseko",,0/0,0.0,0.0,0.0,0,0,0,1,0,0,52,0.0,0.0,0.0,0.0,1,1,1,0,1,0,2,174487.55,0,309795.0,1,13.86,100.0,13,0,0,5,0,,,
,20 Tir 1400 23:11:43,1900-01-27,"-3.198760, 37.277460","Shia Ya Lyamungo (Lyamungo Road), 4.42 km from Nkweseko",,0/0,0.0,0.0,0.0,0,0,0,1,0,0,52,0.0,0.0,0.0,0.0,1,1,1,0,1,0,2,174487.55,0,309795.0,1,13.96,100.0,20,0,0,5,0,,,
,20 Tir 1400 23:12:02,1900-01-29,"-3.200040, 37.276760","Shia Ya Lyamungo (Lyamungo Road), 4.37 km from Nkweseko",,0/0,0.0,0.0,0.0,0,0,0,1,0,0,52,0.0,0.0,0.0,0.0,1,1,1,0,1,0,2,174487.81,0,309796.0,1,13.81,100.0,13,0,0,5,0,,,
,20 Tir 1400 23:12:26,1900-01-26,"-3.201530, 37.276290","Shia Ya Lyamungo (Lyamungo Road), 4.37 km from Nkweseko",,0/0,0.0,0.0,0.0,0,0,0,1,0,0,52,0.0,0.0,0.0,0.0,1,1,1,0,1,0,2,174488.06,0,309796.0,1,13.91,100.0,20,0,0,5,0,,,
,20 Tir 1400 23:12:35,1900-01-26,"-3.202110, 37.276210","Shia Ya Lyamungo (Lyamungo Road), 4.38 km from Nkweseko",,0/0,0.0,0.0,0.0,0,0,0,1,0,0,52,0.0,0.0,0.0,0.0,1,1,1,0,1,0,2,174488.06,0,309796.0,1,13.96,100.0,13,0,0,5,0,,,
,20 Tir 1400 23:13:08,1900-01-24,"-3.204030, 37.275650","Shia Ya Lyamungo (Lyamungo Road), 4.39 km from Nkweseko",,0/0,0.0,0.0,0.0,0,0,0,1,0,0,52,0.0,0.0,0.0,0.0,1,1,1,0,1,0,2,174488.32,0,309797.0,1,13.86,100.0,13,0,0,5,0,,,
,20 Tir 1400 23:13:16,1900-01-22,"-3.204400, 37.275440","Shia Ya Lyamungo (Lyamungo Road), 4.38 km from Nkweseko",,0/0,0.0,0.0,0.0,0,0,0,1,0,0,52,0.0,0.0,0.0,0.0,1,1,1,0,1,0,2,174488.32,0,309797.0,1,13.86,100.0,20,0,0,5,0,,,
,20 Tir 1400 23:13:41,1900-01-24,"-3.205680, 37.274940","Shia Ya Lyamungo (Lyamungo Road), 4.38 km from Nkweseko",,0/0,0.0,0.0,0.0,0,0,0,1,0,0,52,0.0,0.0,0.0,0.0,1,1,1,0,1,0,2,174488.32,0,309797.0,1,14.01,100.0,13,0,0,5,0,,,
,20 Tir 1400 23:14:18,1900-01-14,"-3.207000, 37.274250","Shia Ya Lyamungo (Lyamungo Road), 4.37 km from Nkweseko",,0/0,0.0,0.0,0.0,0,0,0,1,0,0,52,0.0,0.0,0.0,0.0,1,1,1,0,1,0,2,174488.58,0,309798.0,1,13.91,100.0,13,0,0,5,0,,,
,20 Tir 1400 23:14:26,1900-01-13,"-3.207200, 37.274090","Shia Ya Lyamungo (Lyamungo Road), 4.36 km from Nkweseko",,0/0,0.0,0.0,0.0,0,0,0,1,0,0,52,0.0,0.0,0.0,0.0,1,1,1,0,1,0,2,174488.58,0,309798.0,1,13.81,100.0,2,0,0,5,0,,,
,20 Tir 1400 23:14:33,1900-01-13,"-3.207340, 37.273960","Shia Ya Lyamungo (Lyamungo Road), 4.35 km from Nkweseko",,0/0,0.0,0.0,0.0,0,0,0,1,0,0,52,0.0,0.0,0.0,0.0,1,1,1,0,1,0,2,174488.58,0,309798.0,1,13.91,100.0,20,0,0,5,0,,,
,20 Tir 1400 23:14:48,1900-01-12,"-3.207760, 37.273720","Shia Ya Lyamungo (Lyamungo Road), 4.35 km from Nkweseko",,0/0,0.0,0.0,0.0,0,0,0,1,0,0,52,0.0,0.0,0.0,0.0,1,1,1,0,1,0,2,174488.58,0,309798.0,1,13.86,100.0,20,0,0,5,0,,,
,20 Tir 1400 23:14:54,1900-01-12,"-3.207960, 37.273650","Shia Ya Lyamungo (Lyamungo Road), 4.35 km from Nkweseko",,0/0,0.0,0.0,0.0,0,0,0,1,0,0,52,0.0,0.0,0.0,0.0,1,1,1,0,1,0,2,174488.58,0,309798.0,1,13.86,100.0,13,0,0,5,0,,,
,20 Tir 1400 23:15:26,1900-01-16,"-3.208860, 37.273060","Shia Ya Lyamungo (Lyamungo Road), 4.34 km from Nkweseko",,0/0,0.0,0.0,0.0,0,0,0,1,0,0,52,0.0,0.0,0.0,0.0,1,1,1,0,1,0,2,174488.83,0,309799.0,1,13.81,100.0,13,0,0,5,0,,,
,20 Tir 1400 23:15:26,1900-01-16,"-3.208860, 37.273060","Shia Ya Lyamungo (Lyamungo Road), 4.34 km from Nkweseko",,0/0,0.0,0.0,0.0,0,0,0,1,0,0,52,0.0,0.0,0.0,0.0,1,1,1,0,1,0,2,174488.83,0,309799.0,1,13.62,100.0,20,0,0,5,0,,,
,20 Tir 1400 23:15:46,1900-01-16,"-3.209630, 37.272600","Shia Ya Lyamungo (Lyamungo Road), 4.33 km from Nkweseko",,0/0,0.0,0.0,0.0,0,0,0,1,0,0,52,0.0,0.0,0.0,0.0,1,1,1,0,1,0,2,174488.83,0,309799.0,1,13.86,100.0,20,0,0,5,0,,,
,20 Tir 1400 23:16:02,1900-01-15,"-3.210160, 37.272310","Shia Ya Lyamungo (Lyamungo Road), 4.34 km from Nkweseko",,0/0,0.0,0.0,0.0,0,0,0,1,0,0,52,0.0,0.0,0.0,0.0,1,1,1,0,1,0,2,174488.83,0,309800.0,1,13.86,100.0,13,0,0,5,0,,,
,20 Tir 1400 23:16:34,1900-01-20,"-3.211600, 37.271830","Shia Ya Lyamungo (Lyamungo Road), 4.37 km from Nkweseko",,0/0,0.0,0.0,0.0,0,0,0,1,0,0,52,0.0,0.0,0.0,0.0,1,1,1,0,1,0,2,174489.09,0,309800.0,1,13.91,100.0,13,0,0,5,0,,,
,20 Tir 1400 23:17:06,1900-01-26,"-3.213300, 37.270860","Shia Ya Lyamungo (Lyamungo Road), 4.39 km from Nkweseko",,0/0,0.0,0.0,0.0,0,0,0,1,0,0,52,0.0,0.0,0.0,0.0,1,1,1,0,1,0,2,174489.34,0,309801.0,1,13.86,100.0,13,0,0,5,0,,,
,20 Tir 1400 23:17:23,1900-01-26,"-3.214430, 37.270490","Shia Ya Lyamungo (Lyamungo Road), 4.43 km from Nkweseko",,0/0,0.0,0.0,0.0,0,0,0,1,0,0,52,0.0,0.0,0.0,0.0,1,1,1,0,1,0,2,174489.34,0,309801.0,1,13.91,100.0,20,0,0,5,0,,,
,20 Tir 1400 23:17:38,1900-01-26,"-3.215250, 37.270620","Shia Ya Lyamungo (Lyamungo Road), 4.49 km from Nkweseko",,0/0,0.0,0.0,0.0,0,0,0,1,0,0,52,0.0,0.0,0.0,0.0,1,1,1,0,1,0,2,174489.6,0,309801.0,1,13.91,100.0,20,0,0,5,0,,,
,20 Tir 1400 23:17:40,1900-01-26,"-3.215400, 37.270540","Shia Ya Lyamungo (Lyamungo Road), 4.50 km from Nkweseko",,0/0,0.0,0.0,0.0,0,0,0,1,0,0,52,0.0,0.0,0.0,0.0,1,1,1,0,1,0,2,174489.6,0,309801.0,1,13.96,100.0,13,0,0,5,0,,,
,20 Tir 1400 23:17:43,1900-01-27,"-3.215620, 37.270430","Shia Ya Lyamungo (Lyamungo Road), 4.50 km from Nkweseko",,0/0,0.0,0.0,0.0,0,0,0,1,0,0,52,0.0,0.0,0.0,0.0,1,1,1,0,1,0,2,174489.6,0,309801.0,1,13.91,100.0,2,0,0,5,0,,,
,20 Tir 1400 23:18:13,1900-01-30,"-3.217810, 37.269400","Shia Ya Nkuu (Nkuu Road), 4.57 km from Nkweseko",,0/0,0.0,0.0,0.0,0,0,0,1,0,0,52,0.0,0.0,0.0,0.0,1,1,1,0,1,0,2,174489.86,0,309802.0,1,13.28,100.0,13,0,0,5,0,,,
,20 Tir 1400 23:18:47,1900-01-18,"-3.219200, 37.268820","Shia Ya Nkuu (Nkuu Road), 4.62 km from Nkweseko",,0/0,0.0,0.0,0.0,0,0,0,1,0,0,52,0.0,0.0,0.0,0.0,1,1,1,0,1,0,2,174490.11,0,309802.0,1,13.86,100.0,13,0,0,5,0,,,
,20 Tir 1400 23:19:19,1900-01-21,"-3.221030, 37.268110","Shia Ya Nkuu (Nkuu Road), 4.70 km from Mkoringa",,0/0,0.0,0.0,0.0,0,0,0,1,0,0,52,0.0,0.0,0.0,0.0,1,1,1,0,1,0,2,174490.11,0,309803.0,1,13.91,100.0,13,0,0,5,0,,,
,20 Tir 1400 23:19:51,1900-01-27,"-3.222750, 37.267250","Kibosho Road, 4.68 km from Mkoringa",,0/0,0.0,0.0,0.0,0,0,0,1,0,0,52,0.0,0.0,0.0,0.0,1,1,1,0,1,0,2,174490.37,0,309803.0,1,13.81,100.0,13,0,0,5,0,,,
,20 Tir 1400 23:20:29,1900-01-24,"-3.224820, 37.266120","Kibosho Road, 4.67 km from Mkoringa",,0/0,0.0,0.0,0.0,0,0,0,1,0,0,52,0.0,0.0,0.0,0.0,1,1,1,0,1,0,2,174490.62,0,309804.0,1,13.81,100.0,13,0,0,5,0,,,
,20 Tir 1400 23:20:39,1900-01-22,"-3.224920, 37.265730","Kibosho Road, 4.70 km from Mkoringa",,0/0,0.0,0.0,0.0,0,0,0,1,0,0,52,0.0,0.0,0.0,0.0,1,1,1,0,1,0,2,174490.62,0,309804.0,1,13.86,100.0,20,0,0,5,0,,,
,20 Tir 1400 23:20:51,1900-01-23,"-3.224830, 37.265040","Kibosho Road, 4.77 km from Mkoringa",,0/0,0.0,0.0,0.0,0,0,0,1,0,0,52,0.0,0.0,0.0,0.0,1,1,1,0,1,0,2,174490.88,0,309804.0,1,13.81,100.0,2,0,0,5,0,,,
,20 Tir 1400 23:22:11,1900-01-04,"-3.224720, 37.264650","Kibosho Road, 4.77 km from Machame",,0/0,0.0,0.0,0.0,0,0,0,1,0,0,52,0.0,0.0,0.0,0.0,1,1,1,0,1,0,2,174490.88,0,309806.0,1,13.77,100.0,13,0,0,5,0,,,
,20 Tir 1400 23:22:44,1900-01-15,"-3.223950, 37.264890","Kibosho Road, 4.72 km from Nkweseko",,0/0,0.0,0.0,0.0,0,0,0,1,0,0,52,0.0,0.0,0.0,0.0,1,1,1,0,1,0,2,174490.88,0,309806.0,1,13.81,100.0,13,0,0,5,0,,,
,20 Tir 1400 23:22:50,1900-01-15,"-3.223710, 37.264970","Shia Ya Nkuu (Nkuu Road), 4.70 km from Nkweseko",,0/0,0.0,0.0,0.0,0,0,0,1,0,0,52,0.0,0.0,0.0,0.0,1,1,1,0,1,0,2,174490.88,0,309806.0,1,13.86,100.0,20,0,0,5,0,,,
,20 Tir 1400 23:23:34,1900-01-06,"-3.222530, 37.265220","Shia Ya Nkuu (Nkuu Road), 4.62 km from Nkweseko",,0/0,0.0,0.0,0.0,0,0,0,1,0,0,52,0.0,0.0,0.0,0.0,1,1,1,0,1,0,2,174491.14,0,309807.0,1,13.77,100.0,13,0,0,5,0,,,
,20 Tir 1400 23:24:02,1900-01-13,"-3.221770, 37.265440","Shia Ya Nkuu (Nkuu Road), 4.57 km from Nkweseko",,0/0,0.0,0.0,0.0,0,0,0,1,0,0,52,0.0,0.0,0.0,0.0,1,1,1,0,1,0,2,174491.14,0,309808.0,1,13.81,100.0,2,0,0,5,0,,,
,20 Tir 1400 23:24:05,1900-01-13,"-3.221690, 37.265470","Shia Ya Nkuu (Nkuu Road), 4.56 km from Nkweseko",,0/0,0.0,0.0,0.0,0,0,0,1,0,0,52,0.0,0.0,0.0,0.0,1,1,1,0,1,0,2,174491.14,0,309808.0,1,13.81,100.0,20,0,0,5,0,,,
,20 Tir 1400 23:24:09,1900-01-12,"-3.221590, 37.265530","Shia Ya Nkuu (Nkuu Road), 4.56 km from Nkweseko",,0/0,0.0,0.0,0.0,0,0,0,1,0,0,52,0.0,0.0,0.0,0.0,1,1,1,0,1,0,2,174491.14,0,309808.0,1,13.72,100.0,13,0,0,5,0,,,
,20 Tir 1400 23:24:52,1900-01-03,"-3.220840, 37.265950","Shia Ya Nkuu (Nkuu Road), 4.53 km from Nkweseko",,0/0,0.0,0.0,0.0,0,0,0,1,0,0,52,0.0,0.0,0.0,0.0,1,1,1,0,1,0,2,174491.14,0,309808.0,1,13.77,100.0,13,0,0,5,0,,,
,20 Tir 1400 23:25:25,1900-01-05,"-3.220950, 37.265870","Shia Ya Nkuu (Nkuu Road), 4.53 km from Nkweseko",,0/0,0.0,0.0,0.0,0,0,0,1,0,0,52,0.0,0.0,0.0,0.0,1,1,1,0,1,0,2,174491.39,0,309809.0,1,13.77,100.0,13,0,0,5,0,,,
,20 Tir 1400 23:25:58,1900-01-11,"-3.221710, 37.265460","Shia Ya Nkuu (Nkuu Road), 4.56 km from Nkweseko",,0/0,0.0,0.0,0.0,0,0,0,1,0,0,52,0.0,0.0,0.0,0.0,1,1,1,0,1,0,2,174491.39,0,309810.0,1,13.28,100.0,13,0,0,5,0,,,
,20 Tir 1400 23:26:16,1900-01-13,"-3.222300, 37.265230","Shia Ya Nkuu (Nkuu Road), 4.60 km from Nkweseko",,0/0,0.0,0.0,0.0,0,0,0,1,0,0,52,0.0,0.0,0.0,0.0,1,1,1,0,1,0,2,174491.39,0,309810.0,1,13.52,100.0,20,0,0,5,0,,,
,20 Tir 1400 23:26:26,1900-01-13,"-3.222620, 37.265160","Shia Ya Nkuu (Nkuu Road), 4.62 km from Nkweseko",,0/0,0.0,0.0,0.0,0,0,0,1,0,0,52,0.0,0.0,0.0,0.0,1,1,1,0,1,0,2,174491.39,0,309810.0,1,13.77,100.0,13,0,0,5,0,,,
,20 Tir 1400 23:27:04,1900-01-20,"-3.224520, 37.264690","Kibosho Road, 4.75 km from Nkweseko",,0/0,0.0,0.0,0.0,0,0,0,1,0,0,52,0.0,0.0,0.0,0.0,1,1,1,0,1,0,2,174491.65,0,309811.0,1,13.23,100.0,13,0,0,5,0,,,
,20 Tir 1400 23:27:14,1900-01-14,"-3.224710, 37.264630","Kibosho Road, 4.76 km from Machame",,0/0,0.0,0.0,0.0,0,0,0,1,0,0,52,0.0,0.0,0.0,0.0,1,1,1,0,1,0,2,174491.65,0,309811.0,1,13.52,100.0,2,0,0,5,0,,,
,20 Tir 1400 23:27:38,1900-01-17,"-3.225870, 37.264400","Kibosho Road, 4.78 km from Machame",,0/0,0.0,0.0,0.0,0,0,0,1,0,0,52,0.0,0.0,0.0,0.0,1,1,1,0,1,0,2,174491.9,0,309811.0,1,13.72,100.0,13,0,0,5,0,,,
,20 Tir 1400 23:28:10,1900-01-16,"-3.226720, 37.264950","Kibosho Road, 4.69 km from Mkoringa",,0/0,0.0,0.0,0.0,0,0,0,1,0,0,52,0.0,0.0,0.0,0.0,1,1,1,0,1,0,2,174491.9,0,309812.0,1,13.72,100.0,20,0,0,5,0,,,
,20 Tir 1400 23:28:13,1900-01-16,"-3.226830, 37.264990","Kibosho Road, 4.68 km from Mkoringa",,0/0,0.0,0.0,0.0,0,0,0,1,0,0,52,0.0,0.0,0.0,0.0,1,1,1,0,1,0,2,174491.9,0,309812.0,1,13.72,100.0,13,0,0,5,0,,,
,20 Tir 1400 23:28:24,1900-01-17,"-3.227340, 37.264840","Kibosho Road, 4.67 km from Mkoringa",,0/0,0.0,0.0,0.0,0,0,0,1,0,0,52,0.0,0.0,0.0,0.0,1,1,1,0,1,0,2,174491.9,0,309812.0,1,13.52,100.0,20,0,0,5,0,,,
,20 Tir 1400 23:28:51,1900-01-12,"-3.227930, 37.264260","Kibosho Road, 4.70 km from Mkoringa",,0/0,0.0,0.0,0.0,0,0,0,1,0,0,52,0.0,0.0,0.0,0.0,1,1,1,0,1,0,2,174492.16,0,309812.0,1,13.57,100.0,13,0,0,5,0,,,
,20 Tir 1400 23:29:25,1900-01-02,"-3.228070, 37.264100","Kibosho Road, 4.71 km from Mkoringa",,0/0,0.0,0.0,0.0,0,0,0,1,0,0,52,0.0,0.0,0.0,0.0,1,1,1,0,1,0,2,174492.16,0,309813.0,1,13.72,100.0,13,0,0,5,0,,,
,20 Tir 1400 23:29:57,1900-01-20,"-3.229150, 37.263280","Kibosho Road, 4.75 km from Mkoringa",,0/0,0.0,0.0,0.0,0,0,0,1,0,0,52,0.0,0.0,0.0,0.0,1,1,1,0,1,0,2,174492.16,0,309813.0,1,13.67,100.0,13,0,0,5,0,,,
,20 Tir 1400 23:30:03,1900-01-21,"-3.229550, 37.263130","Kibosho Road, 4.75 km from Mkoringa",,0/0,0.0,0.0,0.0,0,0,0,1,0,0,52,0.0,0.0,0.0,0.0,1,1,1,0,1,0,2,174492.16,0,309814.0,1,13.67,100.0,20,0,0,5,0,,,
,20 Tir 1400 23:30:26,1900-01-16,"-3.230460, 37.262760","Kibosho Road, 4.75 km from Mkoringa",,0/0,0.0,0.0,0.0,0,0,0,1,0,0,52,0.0,0.0,0.0,0.0,1,1,1,0,1,0,2,174492.42,0,309814.0,1,13.37,100.0,2,0,0,5,0,,,
,20 Tir 1400 23:30:32,1900-01-14,"-3.230600, 37.262700","Kibosho Road, 4.75 km from Mkoringa",,0/0,0.0,0.0,0.0,0,0,0,1,0,0,52,0.0,0.0,0.0,0.0,1,1,1,0,1,0,2,174492.42,0,309814.0,1,13.77,100.0,13,0,0,5,0,,,
,20 Tir 1400 23:31:06,1900-01-14,"-3.232030, 37.262420","Kibosho Road, 4.73 km from Mkoringa",,0/0,0.0,0.0,0.0,0,0,0,1,0,0,52,0.0,0.0,0.0,0.0,1,1,1,0,1,0,2,174492.42,0,309815.0,1,13.57,100.0,13,0,0,5,0,,,
,20 Tir 1400 23:31:42,1900-01-11,"-3.232970, 37.262230","Kibosho Road, 4.72 km from Mkoringa",,0/0,0.0,0.0,0.0,0,0,0,1,0,0,52,0.0,0.0,0.0,0.0,1,1,1,0,1,0,2,174492.67,0,309815.0,1,13.28,100.0,13,0,0,5,0,,,
,20 Tir 1400 23:31:52,1900-01-12,"-3.233050, 37.262050","Kibosho Road, 4.74 km from Mkoringa",,0/0,0.0,0.0,0.0,0,0,0,1,0,0,52,0.0,0.0,0.0,0.0,1,1,1,0,1,0,2,174492.67,0,309815.0,1,13.72,100.0,20,0,0,5,0,,,
,20 Tir 1400 23:32:19,1900-01-19,"-3.232320, 37.260860","Kibosho Road, 4.70 km from Machame",,0/0,0.0,0.0,0.0,0,0,0,1,0,0,52,0.0,0.0,0.0,0.0,1,1,1,0,1,0,2,174492.67,0,309816.0,1,13.72,100.0,13,0,0,5,0,,,
,20 Tir 1400 23:32:19,1900-01-19,"-3.232320, 37.260860","Kibosho Road, 4.70 km from Machame",,0/0,0.0,0.0,0.0,0,0,0,1,0,0,52,0.0,0.0,0.0,0.0,1,1,1,0,1,0,2,174492.67,0,309816.0,1,13.72,100.0,20,0,0,5,0,,,
,20 Tir 1400 23:32:40,1900-01-18,"-3.232080, 37.259960","Kibosho Road, 4.60 km from Machame",,0/0,0.0,0.0,0.0,0,0,0,1,0,0,52,0.0,0.0,0.0,0.0,1,1,1,0,1,0,2,174492.93,0,309816.0,1,13.77,100.0,20,0,0,5,0,,,
,20 Tir 1400 23:32:52,1900-01-18,"-3.232210, 37.259530","Kibosho Road, 4.57 km from Machame",,0/0,0.0,0.0,0.0,0,0,0,1,0,0,52,0.0,0.0,0.0,0.0,1,1,1,0,1,0,2,174492.93,0,309816.0,1,13.77,100.0,20,0,0,5,0,,,
,20 Tir 1400 23:32:57,1900-01-19,"-3.232420, 37.259360","Kibosho Road, 4.56 km from Machame",,0/0,0.0,0.0,0.0,0,0,0,1,0,0,52,0.0,0.0,0.0,0.0,1,1,1,0,1,0,2,174492.93,0,309817.0,1,13.72,100.0,13,0,0,5,0,,,
,20 Tir 1400 23:33:21,1900-01-17,"-3.233190, 37.258330","Kibosho Road, 4.51 km from Machame",,0/0,0.0,0.0,0.0,0,0,0,1,0,0,52,0.0,0.0,0.0,0.0,1,1,1,0,1,0,2,174493.18,0,309817.0,1,13.81,100.0,20,0,0,5,0,,,
,20 Tir 1400 23:33:32,1900-01-23,"-3.233290, 37.257670","Kibosho Road, 4.45 km from Machame",,0/0,0.0,0.0,0.0,0,0,0,1,0,0,52,0.0,0.0,0.0,0.0,1,1,1,0,1,0,2,174493.18,0,309817.0,1,13.81,100.0,13,0,0,5,0,,,
,20 Tir 1400 23:33:43,1900-01-28,"-3.233820, 37.257080","Kibosho Road, 4.43 km from Machame",,0/0,0.0,0.0,0.0,0,0,0,1,0,0,52,0.0,0.0,0.0,0.0,1,1,1,0,1,0,2,174493.18,0,309817.0,1,13.77,100.0,2,0,0,5,0,,,
,20 Tir 1400 23:33:47,1900-01-31,"-3.234130, 37.256840","Kibosho Road, 4.42 km from Machame",,0/0,0.0,0.0,0.0,0,0,0,1,0,0,52,0.0,0.0,0.0,0.0,1,1,1,0,1,0,2,174493.18,0,309817.0,1,13.77,100.0,20,0,0,5,0,,,
,20 Tir 1400 23:34:07,1900-02-05,"-3.235430, 37.255550","Kibosho Road, 4.39 km from Machame",,0/0,0.0,0.0,0.0,0,0,0,1,0,0,52,0.0,0.0,0.0,0.0,1,1,1,0,1,0,2,174493.44,0,309818.0,1,13.77,100.0,13,0,0,5,0,,,
,20 Tir 1400 23:34:41,1900-02-05,"-3.237400, 37.253660","Shia Ya Nkuu (Nkuu Road), 4.36 km from Machame",,0/0,0.0,0.0,0.0,0,0,0,1,0,0,52,0.0,0.0,0.0,0.0,1,1,1,0,1,0,2,174493.7,0,309818.0,1,13.67,100.0,13,0,0,5,0,,,
,20 Tir 1400 23:34:56,1900-02-12,"-3.239030, 37.253030","Shia Ya Nkuu (Nkuu Road), 4.42 km from Machame",,0/0,0.0,0.0,0.0,0,0,0,1,0,0,52,0.0,0.0,0.0,0.0,1,1,1,0,1,0,2,174493.95,0,309818.0,1,13.62,100.0,20,0,0,5,0,,,
,20 Tir 1400 23:35:15,1900-02-21,"-3.241370, 37.252210","Shia Ya Nkuu (Nkuu Road), 4.40 km from Nshara",,0/0,0.0,0.0,0.0,0,0,0,1,0,0,52,0.0,0.0,0.0,0.0,1,1,1,0,1,0,2,174494.21,0,309819.0,1,13.62,100.0,13,0,0,5,0,,,
,20 Tir 1400 23:35:47,1900-02-01,"-3.244090, 37.251300","Shia Ya Mashami, 4.09 km from Nshara",,0/0,0.0,0.0,0.0,0,0,0,1,0,0,52,0.0,0.0,0.0,0.0,1,1,1,0,1,0,2,174494.46,0,309819.0,1,13.57,100.0,13,0,0,5,0,,,
,20 Tir 1400 23:36:03,1900-01-29,"-3.243800, 37.250470","Shia Ya Mashami, 4.06 km from Nshara",,0/0,0.0,0.0,0.0,0,0,0,1,0,0,52,0.0,0.0,0.0,0.0,1,1,1,0,1,0,2,174494.72,0,309820.0,1,13.62,100.0,20,0,0,5,0,,,
,20 Tir 1400 23:36:23,1900-01-22,"-3.243330, 37.249310","Shia Ya Mashami, 4.03 km from Nshara",,0/0,0.0,0.0,0.0,0,0,0,1,0,0,52,0.0,0.0,0.0,0.0,1,1,1,0,1,0,2,174494.72,0,309820.0,1,13.62,100.0,13,0,0,5,0,,,
,20 Tir 1400 23:36:36,1900-01-23,"-3.243820, 37.248770","Shia Ya Mashami, 3.96 km from Nshara",,0/0,0.0,0.0,0.0,0,0,0,1,0,0,52,0.0,0.0,0.0,0.0,1,1,1,0,1,0,2,174494.98,0,309820.0,1,13.62,100.0,20,0,0,5,0,,,
,20 Tir 1400 23:36:55,1900-02-01,"-3.245360, 37.248100","Shia Ya Mashami, 3.77 km from Nshara",,0/0,0.0,0.0,0.0,0,0,0,1,0,0,52,0.0,0.0,0.0,0.0,1,1,1,0,1,0,2,174494.98,0,309821.0,1,13.67,100.0,2,0,0,5,0,,,
,20 Tir 1400 23:36:55,1900-02-01,"-3.245360, 37.248100","Shia Ya Mashami, 3.77 km from Nshara",,0/0,0.0,0.0,0.0,0,0,0,1,0,0,52,0.0,0.0,0.0,0.0,1,1,1,0,1,0,2,174494.98,0,309821.0,1,13.67,100.0,13,0,0,5,0,,,
,20 Tir 1400 23:37:30,1900-02-09,"-3.248550, 37.247150","Shia Ya Mashami, 3.42 km from Nshara",,0/0,0.0,0.0,0.0,0,0,0,1,0,0,52,0.0,0.0,0.0,0.0,1,1,1,0,1,0,2,174495.49,0,309821.0,1,13.67,100.0,13,0,0,5,0,,,
,20 Tir 1400 23:38:02,1900-02-06,"-3.251430, 37.245740","Shia Ya Mashami, 3.07 km from Nshara",,0/0,0.0,0.0,0.0,0,0,0,1,0,0,52,0.0,0.0,0.0,0.0,1,1,1,0,1,0,2,174495.74,0,309822.0,1,13.62,100.0,13,0,0,5,0,,,
,20 Tir 1400 23:38:35,1900-02-11,"-3.254850, 37.244550","Shia Ya Mashami, 2.69 km from Nshara",,0/0,0.0,0.0,0.0,0,0,0,1,0,0,52,0.0,0.0,0.0,0.0,1,1,1,0,1,0,2,174496.26,0,309822.0,1,13.72,100.0,13,0,0,5,0,,,
,20 Tir 1400 23:38:49,1900-02-08,"-3.256230, 37.244440","Shia Ya Mashami, 2.57 km from Nshara",,0/0,0.0,0.0,0.0,0,0,0,1,0,0,52,0.0,0.0,0.0,0.0,1,1,1,0,1,0,2,174496.26,0,309822.0,1,13.67,100.0,20,0,0,5,0,,,
,20 Tir 1400 23:39:08,1900-02-15,"-3.258340, 37.244490","Shia Ya Mashami, 2.40 km from Nshara",,0/0,0.0,0.0,0.0,0,0,0,1,0,0,52,0.0,0.0,0.0,0.0,1,1,1,0,1,0,2,174496.51,0,309823.0,1,13.67,100.0,13,0,0,5,0,,,
,20 Tir 1400 23:39:29,1900-02-06,"-3.260220, 37.244120","Shia Ya Mashami, 2.23 km from Nshara",,0/0,0.0,0.0,0.0,0,0,0,1,0,0,52,0.0,0.0,0.0,0.0,1,1,1,0,1,0,2,174496.77,0,309823.0,1,13.67,100.0,20,0,0,5,0,,,
,20 Tir 1400 23:39:55,1900-02-09,"-3.262300, 37.242490","Shia Ya Mashami, 1.94 km from Nshara",,0/0,0.0,0.0,0.0,0,0,0,1,0,0,52,0.0,0.0,0.0,0.0,1,1,1,0,1,0,2,174497.02,0,309823.0,1,13.67,100.0,13,0,0,5,0,,,
,20 Tir 1400 23:40:04,1900-02-12,"-3.263320, 37.242340","Shia Ya Mashami, 1.85 km from Nshara",,0/0,0.0,0.0,0.0,0,0,0,1,0,0,52,0.0,0.0,0.0,0.0,1,1,1,0,1,0,2,174497.02,0,309824.0,1,13.62,100.0,20,0,0,5,0,,,
,20 Tir 1400 23:40:10,1900-02-14,"-3.264090, 37.242360","Shia Ya Mashami, 1.80 km from Nshara",,0/0,0.0,0.0,0.0,0,0,0,1,0,0,52,0.0,0.0,0.0,0.0,1,1,1,0,1,0,2,174497.28,0,309824.0,1,13.62,100.0,2,0,0,5,0,,,
,20 Tir 1400 23:40:30,1900-02-14,"-3.266340, 37.242520","Shia Ya Mashami, 1.68 km from Nshara",,0/0,0.0,0.0,0.0,0,0,0,1,0,0,52,0.0,0.0,0.0,0.0,1,1,1,0,1,0,2,174497.54,0,309824.0,1,13.62,100.0,13,0,0,5,0,,,
,20 Tir 1400 23:41:03,1900-01-29,"-3.268520, 37.242610","Shia Ya Mashami, 1.59 km from Nshara",,0/0,0.0,0.0,0.0,0,0,0,1,0,0,52,0.0,0.0,0.0,0.0,1,1,1,0,1,0,2,174497.79,0,309825.0,1,13.67,100.0,13,0,0,5,0,,,
,20 Tir 1400 23:41:35,1900-02-11,"-3.271660, 37.243020","Kilimanjaro, Hai",,0/0,0.0,0.0,0.0,0,0,0,1,0,0,52,0.0,0.0,0.0,0.0,1,1,1,0,1,0,2,174498.05,0,309825.0,1,13.67,100.0,13,0,0,5,0,,,
,20 Tir 1400 23:42:14,1900-02-09,"-3.275320, 37.243630","Kilimanjaro, Hai",,0/0,0.0,0.0,0.0,0,0,0,1,0,0,52,0.0,0.0,0.0,0.0,1,1,1,0,1,0,2,174498.3,0,309826.0,1,13.62,100.0,13,0,0,5,0,,,
,20 Tir 1400 23:42:15,1900-02-09,"-3.275400, 37.243640","Kilimanjaro, Hai",,0/0,0.0,0.0,0.0,0,0,0,1,0,0,52,0.0,0.0,0.0,0.0,1,1,1,0,1,0,2,174498.3,0,309826.0,1,13.62,100.0,20,0,0,5,0,,,
,20 Tir 1400 23:42:50,1900-02-17,"-3.279270, 37.244370","Kilimanjaro, Hai",,0/0,0.0,0.0,0.0,0,0,0,1,0,0,52,0.0,0.0,0.0,0.0,1,1,1,0,1,0,2,174498.82,0,309826.0,1,13.62,100.0,13,0,0,5,0,,,
,20 Tir 1400 23:43:20,1900-02-09,"-3.281980, 37.245240","Kilimanjaro, Hai",,0/0,0.0,0.0,0.0,0,0,0,1,0,0,52,0.0,0.0,0.0,0.0,1,1,1,0,1,0,2,174499.07,0,309827.0,1,13.62,100.0,2,0,0,5,0,,,
,20 Tir 1400 23:43:24,1900-02-10,"-3.282410, 37.245400","Kilimanjaro, Hai",,0/0,0.0,0.0,0.0,0,0,0,1,0,0,52,0.0,0.0,0.0,0.0,1,1,1,0,1,0,2,174499.33,0,309827.0,1,13.57,100.0,13,0,0,5,0,,,
,20 Tir 1400 23:43:56,1900-02-23,"-3.286430, 37.246920","Shia Ya Mashami, 2.40 km from Nshara",,0/0,0.0,0.0,0.0,0,0,0,1,0,0,52,0.0,0.0,0.0,0.0,1,1,1,0,1,0,2,174499.58,0,309827.0,1,13.67,100.0,13,0,0,5,0,,,
,20 Tir 1400 23:44:28,1900-02-19,"-3.289940, 37.247940","Shia Ya Mashami, 2.73 km from Nshara",,0/0,0.0,0.0,0.0,0,0,0,1,0,0,52,0.0,0.0,0.0,0.0,1,1,1,0,1,0,2,174500.1,0,309828.0,1,13.52,100.0,20,0,0,5,0,,,
,20 Tir 1400 23:44:28,1900-02-19,"-3.289940, 37.247940","Shia Ya Mashami, 2.73 km from Nshara",,0/0,0.0,0.0,0.0,0,0,0,1,0,0,52,0.0,0.0,0.0,0.0,1,1,1,0,1,0,2,174500.1,0,309828.0,1,13.52,100.0,13,0,0,5,0,,,
,20 Tir 1400 23:44:49,1900-02-17,"-3.292340, 37.248320","Shia Ya Mashami, 2.94 km from Nshara",,0/0,0.0,0.0,0.0,0,0,0,1,0,0,52,0.0,0.0,0.0,0.0,1,1,1,0,1,0,2,174500.35,0,309828.0,1,13.47,100.0,20,0,0,5,0,,,
,20 Tir 1400 23:45:04,1900-02-28,"-3.294390, 37.249350","Shia Ya Mashami, 3.18 km from Nshara",,0/0,0.0,0.0,0.0,0,0,0,1,0,0,52,0.0,0.0,0.0,0.0,1,1,1,0,1,0,2,174500.61,0,309829.0,1,13.47,100.0,13,0,0,5,0,,,
,20 Tir 1400 23:45:30,1900-02-08,"-3.296650, 37.251190","Shia Ya Mashami, 3.51 km from Nshara",,0/0,0.0,0.0,0.0,0,0,0,1,0,0,52,0.0,0.0,0.0,0.0,1,1,1,0,1,0,2,174500.86,0,309829.0,1,13.23,100.0,20,0,0,5,0,,,
,20 Tir 1400 23:46:34,,"-3.296680, 37.251210","Shia Ya Mashami, 3.51 km from Nshara",vehicle stopped after 38 minutes as guest asked for bush toilet,0/0,0.0,0.0,0.0,0,0,0,1,0,0,52,0.0,0.0,0.0,0.0,1,1,1,0,1,0,2,174500.86,0,309830.0,1,13.23,100.0,2,0,0,5,0,,,KMs in 38 minutes
,20 Tir 1400 23:49:38,,"-3.296680, 37.251210","Shia Ya Mashami, 3.51 km from Nshara",,0/0,0.0,0.0,0.0,0,0,0,1,0,0,52,0.0,0.0,0.0,0.0,1,1,1,0,1,0,2,174500.86,0,309833.0,1,13.08,100.0,2,0,0,5,0,,,
,20 Tir 1400 23:50:01,1900-01-04,"-3.296740, 37.251260","Shia Ya Mashami, 3.52 km from Nshara","4 minutes after, vehicle on the road again. From this moment, guest start to be silent and  confused. ",0/0,0.0,0.0,0.0,0,0,0,1,0,0,52,0.0,0.0,0.0,0.0,1,1,1,0,1,0,2,174500.86,0,309834.0,1,13.42,100.0,13,0,0,5,0,,,
,20 Tir 1400 23:50:32,1900-02-01,"-3.298540, 37.252870","Shia Ya Mashami, 3.79 km from Nshara",,0/0,0.0,0.0,0.0,0,0,0,1,0,0,52,0.0,0.0,0.0,0.0,1,1,1,0,1,0,2,174501.12,0,309834.0,1,13.62,100.0,13,0,0,5,0,,,
,20 Tir 1400 23:50:32,1900-02-01,"-3.298540, 37.252870","Shia Ya Mashami, 3.79 km from Nshara",,0/0,0.0,0.0,0.0,0,0,0,1,0,0,52,0.0,0.0,0.0,0.0,1,1,1,0,1,0,2,174501.12,0,309834.0,1,13.62,100.0,20,0,0,5,0,,,
,20 Tir 1400 23:51:10,1900-02-14,"-3.301600, 37.255170","Shia Ya Mashami, 4.21 km from Nshara",,0/0,0.0,0.0,0.0,0,0,0,1,0,0,52,0.0,0.0,0.0,0.0,1,1,1,0,1,0,2,174501.63,0,309835.0,1,13.57,100.0,13,0,0,5,0,,,
,20 Tir 1400 23:51:39,1900-02-22,"-3.305180, 37.256670","Shia Ya Mashami, 4.61 km from Nshara",,0/0,0.0,0.0,0.0,0,0,0,1,0,0,52,0.0,0.0,0.0,0.0,1,1,1,0,1,0,2,174501.89,0,309835.0,1,13.52,100.0,20,0,0,5,0,,,
,20 Tir 1400 23:51:48,1900-02-21,"-3.306180, 37.257110","Shia Ya Mashami, 4.73 km from Nshara",,0/0,0.0,0.0,0.0,0,0,0,1,0,0,52,0.0,0.0,0.0,0.0,1,1,1,0,1,0,2,174502.14,0,309835.0,1,13.57,100.0,13,0,0,5,0,,,
,20 Tir 1400 23:52:05,1900-02-21,"-3.308210, 37.257020","T2, 4.89 km from Nshara",,0/0,0.0,0.0,0.0,0,0,0,1,0,0,52,0.0,0.0,0.0,0.0,1,1,1,0,1,0,2,174502.4,0,309836.0,1,13.47,100.0,20,0,0,5,0,,,
,20 Tir 1400 23:52:28,1900-03-03,"-3.312050, 37.256160","T2, 5.18 km from Nshara",,0/0,0.0,0.0,0.0,0,0,0,1,0,0,52,0.0,0.0,0.0,0.0,1,1,1,0,1,0,2,174502.91,0,309836.0,1,13.37,100.0,13,0,0,5,0,,,
,20 Tir 1400 23:52:46,1900-03-05,"-3.314970, 37.256400","T2, 5.46 km from Nshara",,0/0,0.0,0.0,0.0,0,0,0,1,0,0,52,0.0,0.0,0.0,0.0,1,1,1,0,1,0,2,174503.17,0,309836.0,1,13.42,100.0,20,0,0,5,0,,,
,20 Tir 1400 23:52:49,1900-03-03,"-3.315330, 37.256620","T2, 5.50 km from Nshara",,0/0,0.0,0.0,0.0,0,0,0,1,0,0,52,0.0,0.0,0.0,0.0,1,1,1,0,1,0,2,174503.17,0,309836.0,1,13.28,100.0,2,0,0,5,0,,,
,20 Tir 1400 23:53:07,1900-02-03,"-3.315720, 37.256360","T2, 5.52 km from Nshara",,0/0,0.0,0.0,0.0,0,0,0,1,0,0,52,0.0,0.0,0.0,0.0,1,1,1,0,1,0,2,174503.17,0,309837.0,1,13.52,100.0,13,0,0,5,0,,,
,20 Tir 1400 23:53:13,1900-01-30,"-3.315760, 37.256020","T2, 5.51 km from Nshara",,0/0,0.0,0.0,0.0,0,0,0,1,0,0,52,0.0,0.0,0.0,0.0,1,1,1,0,1,0,2,174503.17,0,309837.0,1,13.52,100.0,20,0,0,5,0,,,
,20 Tir 1400 23:53:39,1900-01-25,"-3.315690, 37.254500","T2, 5.41 km from Nshara",,0/0,0.0,0.0,0.0,0,0,0,1,0,0,52,0.0,0.0,0.0,0.0,1,1,1,0,1,0,2,174503.42,0,309837.0,1,13.57,100.0,13,0,0,5,0,,,
,20 Tir 1400 23:53:52,1900-01-29,"-3.316290, 37.253640","T2, 5.42 km from Nshara",,0/0,0.0,0.0,0.0,0,0,0,1,0,0,52,0.0,0.0,0.0,0.0,1,1,1,0,1,0,2,174503.68,0,309837.0,1,13.62,100.0,20,0,0,5,0,,,
,20 Tir 1400 23:54:10,1900-01-27,"-3.317070, 37.253170","T2, 5.47 km from Nshara",,0/0,0.0,0.0,0.0,0,0,0,1,0,0,52,0.0,0.0,0.0,0.0,1,1,1,0,1,0,2,174503.68,0,309838.0,1,13.62,100.0,13,0,0,5,0,,,
,20 Tir 1400 23:54:17,1900-01-30,"-3.317650, 37.253310","T2, 5.53 km from Nshara",,0/0,0.0,0.0,0.0,0,0,0,1,0,0,52,0.0,0.0,0.0,0.0,1,1,1,0,1,0,2,174503.68,0,309838.0,1,13.67,100.0,20,0,0,5,0,,,
,20 Tir 1400 23:54:41,1900-02-19,"-3.320760, 37.254090","T2, 5.88 km from Nshara",,0/0,0.0,0.0,0.0,0,0,0,1,0,0,52,0.0,0.0,0.0,0.0,1,1,1,0,1,0,2,174504.19,0,309838.0,1,13.67,100.0,13,0,0,5,0,,,
,20 Tir 1400 23:55:24,1900-01-30,"-3.323770, 37.254100","T2, 8.18 km from Moshi",,0/0,0.0,0.0,0.0,0,0,0,1,0,0,52,0.0,0.0,0.0,0.0,1,1,1,0,1,0,2,174504.45,0,309839.0,1,13.62,100.0,20,0,0,5,0,,,
,20 Tir 1400 23:55:34,1900-02-02,"-3.323530, 37.253230","T2, 6.05 km from Kwasadala",,0/0,0.0,0.0,0.0,0,0,0,1,0,0,52,0.0,0.0,0.0,0.0,1,1,1,0,1,0,2,174504.7,0,309839.0,1,13.62,100.0,13,0,0,5,0,,,
,20 Tir 1400 23:55:56,1900-02-18,"-3.322950, 37.250750","T2, 5.77 km from Kwasadala",,0/0,0.0,0.0,0.0,0,0,0,1,0,0,52,0.0,0.0,0.0,0.0,1,1,1,0,1,0,2,174504.96,0,309840.0,1,13.52,100.0,2,0,0,5,0,,,
,20 Tir 1400 23:56:07,1900-02-28,"-3.322530, 37.249000","T2, 5.57 km from Kwasadala",,0/0,0.0,0.0,0.0,0,0,0,1,0,0,52,0.0,0.0,0.0,0.0,1,1,1,0,1,0,2,174504.96,0,309840.0,1,13.57,100.0,13,0,0,5,0,,,
,20 Tir 1400 23:56:41,1900-03-11,"-3.321280, 37.242760","T2, 4.87 km from Kwasadala",,0/0,0.0,0.0,0.0,0,0,0,1,0,0,52,0.0,0.0,0.0,0.0,1,1,1,0,1,0,2,174505.73,0,309840.0,1,13.47,100.0,13,0,0,5,0,,,
,20 Tir 1400 23:57:10,1900-02-12,"-3.321450, 37.239840","T2, 4.57 km from Kwasadala",,0/0,0.0,0.0,0.0,0,0,0,1,0,0,52,0.0,0.0,0.0,0.0,1,1,1,0,1,0,2,174505.98,0,309841.0,1,13.18,100.0,20,0,0,5,0,,,
,20 Tir 1400 23:58:17,1900-01-11,"-3.321720, 37.238060","T2, 4.40 km from Kwasadala",,0/0,0.0,0.0,0.0,0,0,0,1,0,0,52,0.0,0.0,0.0,0.0,1,1,0,0,1,0,2,174506.24,0,309842.0,1,13.13,100.0,5,0,0,5,0,,,
2021-07-12,21 Tir 1400 00:03:41,,"-3.321720, 37.238080","T2, 4.40 km from Kwasadala","guest showing symptoms to vomit, suffocating feeling, struggling to breath, short of breath, guest starts to lose consciousness",0/0,0.0,0.0,0.0,0,0,0,1,0,0,52,0.0,0.0,0.0,0.0,1,1,1,0,1,0,2,174506.24,0,309842.0,1,12.59,100.0,2,0,0,5,0,,,KMs covered  after bush toilet
,21 Tir 1400 00:03:41,,"-3.321720, 37.238080","T2, 4.40 km from Kwasadala",A&K staff and rescue team from the mountain took the oxygen tank from car boot. ,0/0,0.0,0.0,0.0,0,0,0,1,0,0,52,0.0,0.0,0.0,0.0,1,1,1,0,1,0,2,174506.24,0,309842.0,1,12.59,100.0,6,0,0,5,0,,,
,21 Tir 1400 00:04:03,1900-01-04,"-3.321720, 37.237830","T2, 4.38 km from Kwasadala",,0/0,0.0,0.0,0.0,0,0,0,1,0,0,52,0.0,0.0,0.0,0.0,1,1,1,0,1,0,2,174506.24,0,309842.0,1,13.47,100.0,13,0,0,5,0,,,
,21 Tir 1400 00:04:32,1900-02-11,"-3.322170, 37.234320","T2, 4.04 km from Kwasadala","vehicle start to run to Selian Hospital, distance left to Selian 61 KMs",0/0,0.0,0.0,0.0,0,0,0,1,0,0,52,0.0,0.0,0.0,0.0,1,1,1,0,1,0,2,174506.75,0,309842.0,1,13.52,100.0,13,0,0,5,0,,,
,21 Tir 1400 00:05:17,1900-03-12,"-3.323080, 37.227260","T2, 3.40 km from Kwasadala",,0/0,0.0,0.0,0.0,0,0,0,1,0,0,52,0.0,0.0,0.0,0.0,1,1,1,0,1,0,2,174507.52,0,309843.0,1,13.42,100.0,13,0,0,5,0,,,
,21 Tir 1400 00:05:33,1900-03-22,"-3.323580, 37.223600","T2, 3.10 km from Kwasadala",overspeeding,0/0,0.0,0.0,0.0,0,0,0,1,0,0,1,0.0,0.0,0.0,0.0,1,1,1,0,1,0,2,174507.78,0,309843.0,1,13.47,100.0,4,0,0,5,0,,,
,21 Tir 1400 00:06:05,1900-03-21,"-3.322320, 37.217580","T2, 2.51 km from Kwasadala",,0/0,0.0,0.0,0.0,0,0,0,1,0,0,52,0.0,0.0,0.0,0.0,1,1,1,0,1,0,2,174508.54,0,309844.0,1,13.37,100.0,20,0,0,5,0,,,
,21 Tir 1400 00:06:14,1900-03-20,"-3.320500, 37.217540","T2, 2.37 km from Kwasadala",,0/0,0.0,0.0,0.0,0,0,0,1,0,0,52,0.0,0.0,0.0,0.0,1,1,1,0,1,0,2,174508.8,0,309844.0,1,13.42,100.0,13,0,0,5,0,,,
,21 Tir 1400 00:06:17,1900-03-21,"-3.319860, 37.217690","T2, 2.33 km from Kwasadala",overspeeding,0/0,0.0,0.0,0.0,0,0,0,1,0,0,1,0.0,0.0,0.0,0.0,1,1,1,0,1,0,2,174508.8,0,309844.0,1,13.47,100.0,4,0,0,5,0,,,
,21 Tir 1400 00:06:22,1900-03-22,"-3.318790, 37.217990","T2, 2.29 km from Kwasadala",overspeeding,0/0,0.0,0.0,0.0,0,0,0,1,0,0,1,0.0,0.0,0.0,0.0,1,1,1,0,1,0,2,174509.06,0,309844.0,1,13.42,100.0,20,0,0,5,0,,,
,21 Tir 1400 00:06:55,1900-03-09,"-3.313130, 37.219420","T2, 2.12 km from Kwasadala",,0/0,0.0,0.0,0.0,0,0,0,1,0,0,52,0.0,0.0,0.0,0.0,1,1,1,0,1,0,2,174509.57,0,309845.0,1,13.37,100.0,2,0,0,5,0,,,
,21 Tir 1400 00:07:16,1900-03-03,"-3.309990, 37.219170","T2, 2.00 km from Kwasadala",,0/0,0.0,0.0,0.0,0,0,0,1,0,0,52,0.0,0.0,0.0,0.0,1,1,1,0,1,0,2,174510.08,0,309845.0,1,13.42,100.0,20,0,0,5,0,,,
,21 Tir 1400 00:07:40,1900-03-05,"-3.306850, 37.216850","T2, 1.70 km from Kwasadala",,0/0,0.0,0.0,0.0,0,0,0,1,0,0,52,0.0,0.0,0.0,0.0,1,1,1,0,1,0,2,174510.34,0,309845.0,1,13.28,100.0,20,0,0,5,0,,,
,21 Tir 1400 00:07:55,1900-03-09,"-3.305800, 37.214360","T2, 1.43 km from Kwasadala",,0/0,0.0,0.0,0.0,0,0,0,1,0,0,52,0.0,0.0,0.0,0.0,1,1,1,0,1,0,2,174510.59,0,309846.0,1,13.33,100.0,13,0,0,5,0,,,
,21 Tir 1400 00:08:12,1900-03-16,"-3.305540, 37.210930","T2, 1.05 km from Kwasadala",,0/0,0.0,0.0,0.0,0,0,0,1,0,0,52,0.0,0.0,0.0,0.0,1,1,1,0,1,0,2,174511.1,0,309846.0,1,13.33,100.0,20,0,0,5,0,,,
,21 Tir 1400 00:08:18,1900-03-21,"-3.305640, 37.209590","T2, 0.90 km from Kwasadala",overspeeding,0/0,0.0,0.0,0.0,0,0,0,1,0,0,1,0.0,0.0,0.0,0.0,1,1,1,0,1,0,2,174511.1,0,309846.0,1,13.28,100.0,4,0,0,5,0,,,
,21 Tir 1400 00:08:32,1900-03-26,"-3.305930, 37.206450","T2, 0.55 km from Kwasadala",overspeeding,0/0,0.0,0.0,0.0,0,0,0,1,0,0,52,0.0,0.0,0.0,0.0,1,1,1,0,1,0,2,174511.62,0,309846.0,1,13.33,100.0,13,0,0,5,0,,,
,21 Tir 1400 00:09:00,1900-03-03,"-3.307200, 37.202120","T2, Kwasadala",,0/0,0.0,0.0,0.0,0,0,0,1,0,0,52,0.0,0.0,0.0,0.0,1,1,1,0,1,0,2,174512.13,0,309847.0,1,13.37,100.0,20,0,0,5,0,,,
,21 Tir 1400 00:09:05,1900-02-28,"-3.307430, 37.201600","T2, 0.11 km from Kwasadala",,0/0,0.0,0.0,0.0,0,0,0,1,0,0,52,0.0,0.0,0.0,0.0,1,1,1,0,1,0,2,174512.13,0,309847.0,1,13.37,100.0,13,0,0,5,0,,,
,21 Tir 1400 00:09:44,1900-03-01,"-3.310470, 37.197400","T2, 0.64 km from Kwasadala",,0/0,0.0,0.0,0.0,0,0,0,1,0,0,52,0.0,0.0,0.0,0.0,1,1,1,0,1,0,2,174512.64,0,309847.0,1,13.47,100.0,20,0,0,5,0,,,
,21 Tir 1400 00:10:02,1900-03-21,"-3.312940, 37.194530","T2, 1.06 km from Kwasadala",overspeeding,0/0,0.0,0.0,0.0,0,0,0,1,0,0,1,0.0,0.0,0.0,0.0,1,1,1,0,1,0,2,174513.15,0,309848.0,1,13.37,100.0,4,0,0,5,0,,,
,21 Tir 1400 00:10:02,1900-03-21,"-3.312940, 37.194530","T2, 1.06 km from Kwasadala",overspeeding,0/0,0.0,0.0,0.0,0,0,0,1,0,0,1,0.0,0.0,0.0,0.0,1,1,1,0,1,0,2,174513.15,0,309848.0,1,13.42,100.0,13,0,0,5,0,,,
,21 Tir 1400 00:10:14,1900-04-04,"-3.315030, 37.192140","T2, 1.41 km from Kwasadala",overspeeding,0/0,0.0,0.0,0.0,0,0,0,1,0,0,52,0.0,0.0,0.0,0.0,1,1,1,0,1,0,2,174513.41,0,309848.0,1,13.33,100.0,2,0,0,5,0,,,
,21 Tir 1400 00:10:38,1900-04-17,"-3.318320, 37.186310","T2, 2.14 km from Kwasadala",overspeeding,0/0,0.0,0.0,0.0,0,0,0,1,0,0,52,0.0,0.0,0.0,0.0,1,1,1,0,1,0,2,174514.18,0,309848.0,1,13.47,100.0,13,0,0,5,0,,,
,21 Tir 1400 00:10:44,1900-04-20,"-3.319010, 37.184690","T2, 2.33 km from Kwasadala",overspeeding,0/0,0.0,0.0,0.0,0,0,0,1,0,0,52,0.0,0.0,0.0,0.0,1,1,1,0,1,0,2,174514.43,0,309849.0,1,13.42,100.0,20,0,0,5,0,,,
,21 Tir 1400 00:11:15,1900-04-12,"-3.321220, 37.176970","T2, 3.18 km from Kwasadala",overspeeding,0/0,0.0,0.0,0.0,0,0,0,1,0,0,52,0.0,0.0,0.0,0.0,1,1,1,0,1,0,2,174515.2,0,309849.0,1,13.42,100.0,13,0,0,5,0,,,
,21 Tir 1400 00:11:49,1900-04-20,"-3.324590, 37.168190","T2, 2.40 km from Boma Ng'Ombe",overspeeding,0/0,0.0,0.0,0.0,0,0,0,1,0,0,52,0.0,0.0,0.0,0.0,1,1,1,0,1,0,2,174516.22,0,309850.0,1,13.37,100.0,13,0,0,5,0,,,
,21 Tir 1400 00:12:24,1900-04-21,"-3.328630, 37.158900","T2, 1.28 km from Boma Ng'Ombe",overspeeding,0/0,0.0,0.0,0.0,0,0,0,1,0,0,52,0.0,0.0,0.0,0.0,1,1,1,0,1,0,2,174517.5,0,309850.0,1,13.37,100.0,13,0,0,5,0,,,
,21 Tir 1400 00:12:56,1900-03-21,"-3.331560, 37.152190","T2, 0.48 km from Boma Ng'Ombe",overspeeding,0/0,0.0,0.0,0.0,0,0,0,1,0,0,52,0.0,0.0,0.0,0.0,1,1,1,0,1,0,2,174518.27,0,309851.0,1,13.42,100.0,13,0,0,5,0,,,
,21 Tir 1400 00:13:25,1900-02-26,"-3.332940, 37.149010","T2, 0.15 km from Boma Ng'Ombe",,0/0,0.0,0.0,0.0,0,0,0,1,0,0,52,0.0,0.0,0.0,0.0,1,1,1,0,1,0,2,174518.53,0,309851.0,1,13.52,100.0,2,0,0,5,0,,,
,21 Tir 1400 00:13:48,1900-02-23,"-3.334130, 37.146270","T2, 0.29 km from Boma Ng'Ombe",,0/0,0.0,0.0,0.0,0,0,0,1,0,0,52,0.0,0.0,0.0,0.0,1,1,1,0,1,0,2,174519.04,0,309852.0,1,13.57,100.0,13,0,0,5,0,,,
,21 Tir 1400 00:14:27,1900-03-01,"-3.336260, 37.141340","T2, 0.86 km from Boma Ng'Ombe",,0/0,0.0,0.0,0.0,0,0,0,1,0,0,52,0.0,0.0,0.0,0.0,1,1,1,0,1,0,2,174519.55,0,309852.0,1,13.47,100.0,13,0,0,5,0,,,
,21 Tir 1400 00:14:49,1900-03-21,"-3.338150, 37.136990","T2, 1.38 km from Boma Ng'Ombe",overspeeding,0/0,0.0,0.0,0.0,0,0,0,1,0,0,1,0.0,0.0,0.0,0.0,1,1,1,0,1,0,2,174520.06,0,309853.0,1,13.37,100.0,4,0,0,5,0,,,
,21 Tir 1400 00:15:29,1900-02-28,"-3.341300, 37.129920","T2, 2.24 km from Boma Ng'Ombe",,0/0,0.0,0.0,0.0,0,0,0,1,0,0,1,0.0,0.0,0.0,0.0,1,1,1,0,1,0,2,174520.83,0,309853.0,1,13.42,100.0,13,0,0,5,0,,,
,21 Tir 1400 00:16:03,1900-03-21,"-3.344510, 37.124430","T2, 2.95 km from Boma Ng'Ombe",overspeeding,0/0,0.0,0.0,0.0,0,0,0,1,0,0,1,0.0,0.0,0.0,0.0,1,1,1,0,1,0,2,174521.6,0,309854.0,1,13.42,100.0,13,0,0,5,0,,,
,21 Tir 1400 00:16:03,1900-03-21,"-3.344510, 37.124430","T2, 2.95 km from Boma Ng'Ombe",overspeeding,0/0,0.0,0.0,0.0,0,0,0,1,0,0,1,0.0,0.0,0.0,0.0,1,1,1,0,1,0,2,174521.6,0,309854.0,1,13.37,100.0,4,0,0,5,0,,,
,21 Tir 1400 00:16:35,1900-04-06,"-3.346580, 37.116930","T2, 3.79 km from Boma Ng'Ombe",overspeeding,0/0,0.0,0.0,0.0,0,0,0,1,0,0,52,0.0,0.0,0.0,0.0,1,1,1,0,1,0,2,174522.37,0,309854.0,1,13.37,100.0,2,0,0,5,0,,,
,21 Tir 1400 00:16:45,1900-03-13,"-3.346960, 37.115460","T2, 3.96 km from Boma Ng'Ombe",,0/0,0.0,0.0,0.0,0,0,0,1,0,0,52,0.0,0.0,0.0,0.0,1,1,1,0,1,0,2,174522.62,0,309855.0,1,13.33,100.0,13,0,0,5,0,,,
,21 Tir 1400 00:17:17,1900-02-28,"-3.348180, 37.111720","T2, 4.38 km from Puma",,0/0,0.0,0.0,0.0,0,0,0,1,0,0,52,0.0,0.0,0.0,0.0,1,1,1,0,1,0,2,174522.88,0,309855.0,1,13.47,100.0,13,0,0,5,0,,,
,21 Tir 1400 00:17:41,1900-03-21,"-3.350450, 37.107330","T2, 3.83 km from Puma",overspeeding,0/0,0.0,0.0,0.0,0,0,0,1,0,0,1,0.0,0.0,0.0,0.0,1,1,1,0,1,0,2,174523.65,0,309855.0,1,13.37,100.0,4,0,0,5,0,,,
,21 Tir 1400 00:17:56,1900-03-27,"-3.352350, 37.104410","T2, 3.45 km from Puma",overspeeding,0/0,0.0,0.0,0.0,0,0,0,1,0,0,1,0.0,0.0,0.0,0.0,1,1,1,0,1,0,2,174523.9,0,309856.0,1,13.37,100.0,13,0,0,5,0,,,
,21 Tir 1400 00:18:41,1900-04-04,"-3.356740, 37.094610","T2, 2.26 km from Puma",overspeeding,0/0,0.0,0.0,0.0,0,0,0,1,0,0,52,0.0,0.0,0.0,0.0,1,1,1,0,1,0,2,174525.18,0,309857.0,1,13.37,100.0,13,0,0,5,0,,,
,21 Tir 1400 00:19:42,1900-04-01,"-3.362270, 37.081580","T2, 0.69 km from Puma",overspeeding,0/0,0.0,0.0,0.0,0,0,0,1,0,0,52,0.0,0.0,0.0,0.0,1,1,1,0,1,0,2,174526.72,0,309857.0,1,13.28,100.0,13,0,0,5,0,,,
,21 Tir 1400 00:19:45,1900-04-01,"-3.362550, 37.080920","T2, 0.61 km from Puma",overspeeding,0/0,0.0,0.0,0.0,0,0,0,1,0,0,52,0.0,0.0,0.0,0.0,1,1,1,0,1,0,2,174526.72,0,309858.0,1,13.23,100.0,2,0,0,5,0,,,
,21 Tir 1400 00:20:26,1900-03-31,"-3.366370, 37.072000","T2, 0.14 km from Kobil",overspeeding,0/0,0.0,0.0,0.0,0,0,0,1,0,0,52,0.0,0.0,0.0,0.0,1,1,1,0,1,0,2,174527.74,0,309858.0,1,13.33,100.0,13,0,0,5,0,,,
,21 Tir 1400 00:21:04,1900-03-23,"-3.369590, 37.064480","T2, 0.15 km from Mpesa Shop",overspeeding,0/0,0.0,0.0,0.0,0,0,0,1,0,0,52,0.0,0.0,0.0,0.0,1,1,1,0,1,0,2,174528.77,0,309859.0,1,13.28,100.0,13,0,0,5,0,,,
,21 Tir 1400 00:21:34,1900-03-26,"-3.372030, 37.058680","T2, 0.57 km from Mpesa Shop",overspeeding,0/0,0.0,0.0,0.0,0,0,0,1,0,0,52,0.0,0.0,0.0,0.0,1,1,1,0,1,0,2,174529.28,0,309859.0,1,13.33,100.0,13,0,0,5,0,,,
,21 Tir 1400 00:22:09,1900-03-29,"-3.374480, 37.051160","T2, 1.44 km from Mpesa Shop",overspeeding,0/0,0.0,0.0,0.0,0,0,0,1,0,0,52,0.0,0.0,0.0,0.0,1,1,1,0,1,0,2,174530.3,0,309860.0,1,13.33,100.0,13,0,0,5,0,,,
,21 Tir 1400 00:22:45,1900-03-30,"-3.375730, 37.043120","T2, 1.73 km from Panone Petro Station And Restaurant",overspeeding,0/0,0.0,0.0,0.0,0,0,0,1,0,0,52,0.0,0.0,0.0,0.0,1,1,1,0,1,0,2,174531.07,0,309861.0,1,13.37,100.0,13,0,0,5,0,,,
,21 Tir 1400 00:22:54,1900-03-28,"-3.376020, 37.041180","T2, 1.52 km from Panone Petro Station And Restaurant",overspeeding,0/0,0.0,0.0,0.0,0,0,0,1,0,0,52,0.0,0.0,0.0,0.0,1,1,1,0,1,0,2,174531.33,0,309861.0,1,13.33,100.0,2,0,0,5,0,,,
,21 Tir 1400 00:23:23,1900-03-28,"-3.376990, 37.034990","T2, 0.82 km from Panone Petro Station And Restaurant",overspeeding,0/0,0.0,0.0,0.0,0,0,0,1,0,0,52,0.0,0.0,0.0,0.0,1,1,1,0,1,0,2,174532.1,0,309861.0,1,13.28,100.0,13,0,0,5,0,,,
,21 Tir 1400 00:24:07,1900-03-21,"-3.378360, 37.026050","T2, 0.19 km from Panone Petro Station And Restaurant",overspeeding,0/0,0.0,0.0,0.0,0,0,0,1,0,0,1,0.0,0.0,0.0,0.0,1,1,1,0,1,0,2,174533.12,0,309862.0,1,13.28,100.0,4,0,0,5,0,,,
,21 Tir 1400 00:24:28,1900-03-14,"-3.379000, 37.021950","T2, Kingori",,0/0,0.0,0.0,0.0,0,0,0,1,0,0,1,0.0,0.0,0.0,0.0,1,1,1,0,1,0,2,174533.38,0,309862.0,1,13.37,100.0,13,0,0,5,0,,,
,21 Tir 1400 00:25:20,1900-03-14,"-3.380240, 37.013950","T2, 0.79 km from Munio",,0/0,0.0,0.0,0.0,0,0,0,1,0,0,1,0.0,0.0,0.0,0.0,1,1,1,0,1,0,2,174534.4,0,309863.0,1,13.37,100.0,13,0,0,5,0,,,
,21 Tir 1400 00:25:35,1900-03-21,"-3.380720, 37.010790","T2, 1.15 km from Munio",overspeeding,0/0,0.0,0.0,0.0,0,0,0,1,0,0,1,0.0,0.0,0.0,0.0,1,1,1,0,1,0,2,174534.66,0,309863.0,1,13.33,100.0,4,0,0,5,0,,,
,21 Tir 1400 00:25:56,1900-03-30,"-3.381450, 37.006080","T2, 1.68 km from Munio",overspeeding,0/0,0.0,0.0,0.0,0,0,0,1,0,0,1,0.0,0.0,0.0,0.0,1,1,1,0,1,0,2,174535.17,0,309864.0,1,13.33,100.0,13,0,0,5,0,,,
,21 Tir 1400 00:26:02,1900-03-30,"-3.381660, 37.004750","T2, 1.83 km from Munio",overspeeding,0/0,0.0,0.0,0.0,0,0,0,1,0,0,1,0.0,0.0,0.0,0.0,1,1,1,0,1,0,2,174535.42,0,309864.0,1,13.33,100.0,2,0,0,5,0,,,
,21 Tir 1400 00:27:10,1900-03-24,"-3.383820, 36.990610","T2, 3.42 km from Munio",overspeeding,0/0,0.0,0.0,0.0,0,0,0,1,0,0,52,0.0,0.0,0.0,0.0,1,1,1,0,1,0,2,174536.96,0,309865.0,1,13.33,100.0,13,0,0,5,0,,,
,21 Tir 1400 00:27:41,1900-03-26,"-3.384790, 36.984080","T2, 4.15 km from Munio",overspeeding,0/0,0.0,0.0,0.0,0,0,0,1,0,0,52,0.0,0.0,0.0,0.0,1,1,1,0,1,0,2,174537.73,0,309865.0,1,13.23,100.0,13,0,0,5,0,,,
,21 Tir 1400 00:28:31,1900-03-28,"-3.388130, 36.973690","T2, 3.12 km from Njake Oil",overspeeding,0/0,0.0,0.0,0.0,0,0,0,1,0,0,52,0.0,0.0,0.0,0.0,1,1,1,0,1,0,2,174538.75,0,309866.0,1,13.23,100.0,13,0,0,5,0,,,
,21 Tir 1400 00:28:56,1900-03-24,"-3.388370, 36.968430","T2, 2.54 km from Njake Oil",overspeeding,0/0,0.0,0.0,0.0,0,0,0,1,0,0,52,0.0,0.0,0.0,0.0,1,1,1,0,1,0,2,174539.52,0,309867.0,1,13.23,100.0,20,0,0,5,0,,,
,21 Tir 1400 00:29:04,1900-03-23,"-3.388150, 36.966850","T2, 2.36 km from Njake Oil",overspeeding,0/0,0.0,0.0,0.0,0,0,0,1,0,0,52,0.0,0.0,0.0,0.0,1,1,1,0,1,0,2,174539.52,0,309867.0,1,13.23,100.0,2,0,0,5,0,,,
,21 Tir 1400 00:29:12,1900-03-20,"-3.387940, 36.965320","T2, 2.19 km from Njake Oil",,0/0,0.0,0.0,0.0,0,0,0,1,0,0,52,0.0,0.0,0.0,0.0,1,1,1,0,1,0,2,174539.78,0,309867.0,1,13.28,100.0,13,0,0,5,0,,,
,21 Tir 1400 00:29:57,1900-03-18,"-3.387880, 36.956570","T2, 1.22 km from Njake Oil",,0/0,0.0,0.0,0.0,0,0,0,1,0,0,52,0.0,0.0,0.0,0.0,1,1,1,0,1,0,2,174540.8,0,309868.0,1,13.18,100.0,13,0,0,5,0,,,
,21 Tir 1400 00:30:59,1900-03-04,"-3.388560, 36.945600","T2, Njake Oil",,0/0,0.0,0.0,0.0,0,0,0,1,0,0,52,0.0,0.0,0.0,0.0,1,1,1,0,1,0,2,174541.82,0,309869.0,1,13.28,100.0,13,0,0,5,0,,,
,21 Tir 1400 00:31:32,1900-02-19,"-3.388820, 36.941630","T2, 0.39 km from Kikatiti",,0/0,0.0,0.0,0.0,0,0,0,1,0,0,52,0.0,0.0,0.0,0.0,1,1,1,0,1,0,2,174542.34,0,309869.0,1,13.28,100.0,13,0,0,5,0,,,
,21 Tir 1400 00:32:04,1900-03-06,"-3.389120, 36.936770","T2, 0.93 km from Kikatiti",,0/0,0.0,0.0,0.0,0,0,0,1,0,0,52,0.0,0.0,0.0,0.0,1,1,1,0,1,0,2,174542.85,0,309870.0,1,13.28,100.0,13,0,0,5,0,,,
,21 Tir 1400 00:32:07,1900-03-08,"-3.389150, 36.936200","T2, 0.99 km from Kikatiti",,0/0,0.0,0.0,0.0,0,0,0,1,0,0,52,0.0,0.0,0.0,0.0,1,1,1,0,1,0,2,174542.85,0,309870.0,1,13.28,100.0,2,0,0,5,0,,,
,21 Tir 1400 00:33:08,1900-03-03,"-3.389790, 36.925960","T2, 0.92 km from Chami Hardware",,0/0,0.0,0.0,0.0,0,0,0,1,0,0,52,0.0,0.0,0.0,0.0,1,1,1,0,1,0,2,174544.13,0,309871.0,1,13.28,100.0,13,0,0,5,0,,,
,21 Tir 1400 00:33:55,1900-03-09,"-3.387310, 36.918390","T2, Chami Hardware",,0/0,0.0,0.0,0.0,0,0,0,1,0,0,52,0.0,0.0,0.0,0.0,1,1,1,0,1,0,2,174544.9,0,309872.0,1,13.28,100.0,20,0,0,5,0,,,
,21 Tir 1400 00:34:13,1900-03-14,"-3.385010, 36.915730","T2, 0.29 km from Password Pub",,0/0,0.0,0.0,0.0,0,0,0,1,0,0,52,0.0,0.0,0.0,0.0,1,1,1,0,1,0,2,174545.41,0,309872.0,0,13.28,100.0,13,0,0,5,0,,,
,21 Tir 1400 00:34:55,1900-03-17,"-3.379590, 36.909820","T2, Lakeoil",,0/0,0.0,0.0,0.0,0,0,0,1,0,0,52,0.0,0.0,0.0,0.0,1,1,1,0,1,0,2,174546.18,0,309873.0,0,13.28,100.0,13,0,0,5,0,,,
,21 Tir 1400 00:35:04,1900-03-21,"-3.378290, 36.908390","T2, 0.22 km from Cameloil",overspeeding,0/0,0.0,0.0,0.0,0,0,0,1,0,0,1,0.0,0.0,0.0,0.0,1,1,1,0,1,0,2,174546.43,0,309873.0,0,13.28,100.0,4,0,0,5,0,,,
,21 Tir 1400 00:35:09,1900-03-24,"-3.377530, 36.907540","T2, Cameloil",overspeeding,0/0,0.0,0.0,0.0,0,0,0,1,0,0,52,0.0,0.0,0.0,0.0,1,1,1,0,1,0,2,174546.69,0,309873.0,0,13.23,100.0,2,0,0,5,0,,,
,21 Tir 1400 00:35:28,1900-03-29,"-3.375070, 36.903920","T2, 0.41 km from Cameloil",overspeeding,0/0,0.0,0.0,0.0,0,0,0,1,0,0,52,0.0,0.0,0.0,0.0,1,1,1,0,1,0,2,174546.94,0,309873.0,0,13.23,100.0,13,0,0,5,0,,,
,21 Tir 1400 00:35:59,1900-03-14,"-3.372420, 36.898300","T2, 0.45 km from Maji Chai",,0/0,0.0,0.0,0.0,0,0,0,1,0,0,52,0.0,0.0,0.0,0.0,1,1,1,0,1,0,2,174547.71,0,309874.0,0,13.28,100.0,13,0,0,5,0,,,
,21 Tir 1400 00:36:38,1900-02-23,"-3.370200, 36.893610","T2, 0.14 km from Maji Chai",,0/0,0.0,0.0,0.0,0,0,0,1,0,0,52,0.0,0.0,0.0,0.0,1,1,1,0,1,0,2,174548.22,0,309874.0,0,13.23,100.0,13,0,0,5,0,,,
,21 Tir 1400 00:37:05,1900-03-07,"-3.368680, 36.889140","T2, 0.14 km from Meru Filling Station",,0/0,0.0,0.0,0.0,0,0,0,1,0,0,52,0.0,0.0,0.0,0.0,1,1,1,0,1,0,2,174548.74,0,309875.0,0,13.28,100.0,20,0,0,5,0,,,
,21 Tir 1400 00:37:15,1900-03-06,"-3.368710, 36.887510","T2, Mini Supermarket",,0/0,0.0,0.0,0.0,0,0,0,1,0,0,52,0.0,0.0,0.0,0.0,1,1,1,0,1,0,2,174548.99,0,309875.0,1,13.37,100.0,13,0,0,5,0,,,
,21 Tir 1400 00:37:30,1900-02-28,"-3.369180, 36.885440","T2, 0.23 km from Mini Supermarket",,0/0,0.0,0.0,0.0,0,0,0,1,0,0,52,0.0,0.0,0.0,0.0,1,1,1,0,1,0,2,174549.25,0,309875.0,1,13.33,100.0,20,0,0,5,0,,,
,21 Tir 1400 00:38:01,1900-03-17,"-3.369260, 36.879640","T2, 0.12 km from Jerico Butcher",,0/0,0.0,0.0,0.0,0,0,0,1,0,0,52,0.0,0.0,0.0,0.0,1,1,1,0,1,0,2,174549.76,0,309876.0,0,13.33,100.0,13,0,0,5,0,,,
,21 Tir 1400 00:38:02,1900-03-17,"-3.369240, 36.879440","T2, 0.14 km from Jerico Butcher",,0/0,0.0,0.0,0.0,0,0,0,1,0,0,52,0.0,0.0,0.0,0.0,1,1,1,0,1,0,2,174549.76,0,309876.0,0,13.33,100.0,20,0,0,5,0,,,
,21 Tir 1400 00:38:12,1900-03-21,"-3.369060, 36.877300","T2, 0.38 km from Jerico Butcher",overspeeding,0/0,0.0,0.0,0.0,0,0,0,1,0,0,1,0.0,0.0,0.0,0.0,1,1,1,0,1,0,2,174550.02,0,309876.0,0,13.33,100.0,4,0,0,5,0,,,
,21 Tir 1400 00:38:15,1900-03-22,"-3.369010, 36.876660","T2, 0.45 km from Jerico Butcher",overspeeding,0/0,0.0,0.0,0.0,0,0,0,1,0,0,1,0.0,0.0,0.0,0.0,1,1,1,0,1,0,2,174550.27,0,309876.0,0,13.33,100.0,2,0,0,5,0,,,
,21 Tir 1400 00:38:32,1900-03-21,"-3.368730, 36.873280","T2, 0.26 km from Glorias Home",overspeeding,0/0,0.0,0.0,0.0,0,0,0,1,0,0,1,0.0,0.0,0.0,0.0,1,1,1,0,1,0,2,174550.53,0,309876.0,0,13.33,100.0,4,0,0,5,0,,,
,21 Tir 1400 00:38:35,1900-03-22,"-3.368680, 36.872630","T2, 0.26 km from Glorias Home",overspeeding,0/0,0.0,0.0,0.0,0,0,0,1,0,0,1,0.0,0.0,0.0,0.0,1,1,1,0,1,0,2,174550.53,0,309876.0,0,13.28,100.0,13,0,0,5,0,,,
,21 Tir 1400 00:39:05,1900-03-27,"-3.369510, 36.866170","T2, 0.24 km from Mt. Meru Game Lodge",overspeeding,0/0,0.0,0.0,0.0,0,0,0,1,0,0,1,0.0,0.0,0.0,0.0,1,1,1,0,1,0,2,174551.3,0,309877.0,0,13.28,100.0,20,0,0,5,0,,,
,21 Tir 1400 00:39:07,1900-03-28,"-3.369630, 36.865740","T2, 0.20 km from Mt. Meru Game Lodge",overspeeding,0/0,0.0,0.0,0.0,0,0,0,1,0,0,1,0.0,0.0,0.0,0.0,1,1,1,0,1,0,2,174551.3,0,309877.0,0,13.28,100.0,13,0,0,5,0,,,
,21 Tir 1400 00:39:43,1900-03-08,"-3.371260, 36.858990","T2, Usa River Booking Office",,0/0,0.0,0.0,0.0,0,0,0,1,0,0,52,0.0,0.0,0.0,0.0,1,1,1,0,1,0,2,174552.06,0,309878.0,0,13.33,100.0,13,0,0,5,0,,,
,21 Tir 1400 00:40:42,1900-03-15,"-3.372790, 36.849960","T2, Liganga",,0/0,0.0,0.0,0.0,0,0,0,1,0,0,52,0.0,0.0,0.0,0.0,1,1,1,0,1,0,2,174553.09,0,309879.0,0,13.42,100.0,13,0,0,5,0,,,
,21 Tir 1400 00:41:14,1900-03-01,"-3.373570, 36.845390","T2, Tanzanian Postal Bank",,0/0,0.0,0.0,0.0,0,0,0,1,0,0,52,0.0,0.0,0.0,0.0,1,1,1,0,1,0,2,174553.6,0,309879.0,0,13.42,100.0,13,0,0,5,0,,,
,21 Tir 1400 00:41:22,1900-03-06,"-3.373800, 36.844010","T2, Meru Filling Station",,0/0,0.0,0.0,0.0,0,0,0,1,0,0,52,0.0,0.0,0.0,0.0,1,1,1,0,1,0,2,174553.86,0,309879.0,0,13.42,100.0,2,0,0,5,0,,,
,21 Tir 1400 00:41:46,1900-03-15,"-3.374540, 36.839570","T2, 0.36 km from Tanz Hands Bakery",,0/0,0.0,0.0,0.0,0,0,0,1,0,0,52,0.0,0.0,0.0,0.0,1,1,1,0,1,0,2,174554.37,0,309880.0,0,13.37,100.0,13,0,0,5,0,,,
,21 Tir 1400 00:42:14,1900-03-21,"-3.375330, 36.834000","T2, 0.54 km from Ndoro Lodge",,0/0,0.0,0.0,0.0,0,0,0,1,0,0,1,0.0,0.0,0.0,0.0,1,1,1,0,1,0,2,174554.88,0,309880.0,0,13.33,100.0,4,0,0,5,0,,,
,21 Tir 1400 00:42:21,1900-03-19,"-3.375320, 36.832610","T2, 0.40 km from Ndoro Lodge",,0/0,0.0,0.0,0.0,0,0,0,1,0,0,1,0.0,0.0,0.0,0.0,1,1,1,0,1,0,2,174555.14,0,309880.0,0,13.33,100.0,13,0,0,5,0,,,
,21 Tir 1400 00:42:32,1900-03-17,"-3.375120, 36.830540","T2, 0.24 km from Local Bus Stand",,0/0,0.0,0.0,0.0,0,0,0,1,0,0,1,0.0,0.0,0.0,0.0,1,1,1,0,1,0,2,174555.39,0,309880.0,0,13.33,100.0,20,0,0,5,0,,,
,21 Tir 1400 00:42:53,1900-02-14,"-3.374600, 36.827930","T2, Local Bus Stand",,0/0,0.0,0.0,0.0,0,0,0,1,0,0,1,0.0,0.0,0.0,0.0,1,1,1,0,1,0,2,174555.65,0,309881.0,0,13.33,100.0,13,0,0,5,0,,,
,21 Tir 1400 00:43:41,1900-02-23,"-3.373210, 36.822630","T2, Kilala",,0/0,0.0,0.0,0.0,0,0,0,1,0,0,1,0.0,0.0,0.0,0.0,1,1,1,0,1,0,2,174556.16,0,309882.0,0,13.37,100.0,13,0,0,5,0,,,
,21 Tir 1400 00:44:18,1900-02-09,"-3.372750, 36.819270","T2, 0.28 km from Kilala",,0/0,0.0,0.0,0.0,0,0,0,1,0,0,1,0.0,0.0,0.0,0.0,1,1,1,0,1,0,2,174556.42,0,309882.0,0,13.52,100.0,2,0,0,5,0,,,
,21 Tir 1400 00:44:25,1900-02-11,"-3.372700, 36.818350","T2, 0.38 km from Kilala",,0/0,0.0,0.0,0.0,0,0,0,1,0,0,1,0.0,0.0,0.0,0.0,1,1,1,0,1,0,2,174556.67,0,309882.0,0,13.57,100.0,13,0,0,5,0,,,
,21 Tir 1400 00:44:56,1900-03-05,"-3.372800, 36.813210","T2, 0.91 km from Henry Gogarty Memorial Girls' Secondary School",,0/0,0.0,0.0,0.0,0,0,0,1,0,0,1,0.0,0.0,0.0,0.0,1,1,1,0,1,0,2,174557.18,0,309883.0,0,13.52,100.0,13,0,0,5,0,,,
,21 Tir 1400 00:45:44,1900-03-17,"-3.371560, 36.804000","T2, 12.47 km from Arusha",,0/0,0.0,0.0,0.0,0,0,0,1,0,0,1,0.0,0.0,0.0,0.0,1,1,1,0,1,0,2,174558.21,0,309884.0,0,13.37,100.0,13,0,0,5,0,,,
,21 Tir 1400 00:46:22,1900-03-08,"-3.370440, 36.797220","T2, 11.73 km from Arusha",,0/0,0.0,0.0,0.0,0,0,0,1,0,0,1,0.0,0.0,0.0,0.0,1,1,1,0,1,0,2,174558.98,0,309884.0,0,13.33,100.0,13,0,0,5,0,,,
,21 Tir 1400 00:46:41,1900-03-12,"-3.371040, 36.793930","T2, 11.36 km from Arusha",,0/0,0.0,0.0,0.0,0,0,0,1,0,0,1,0.0,0.0,0.0,0.0,1,1,1,0,1,0,2,174559.23,0,309885.0,0,13.33,100.0,20,0,0,5,0,,,
,21 Tir 1400 00:47:07,1900-03-14,"-3.372790, 36.789210","T2, 10.82 km from Arusha",,0/0,0.0,0.0,0.0,0,0,0,1,0,0,1,0.0,0.0,0.0,0.0,1,1,1,0,1,0,2,174559.74,0,309885.0,0,13.33,100.0,13,0,0,5,0,,,
,21 Tir 1400 00:47:15,1900-03-11,"-3.372830, 36.787840","T2, 10.67 km from Arusha",,0/0,0.0,0.0,0.0,0,0,0,1,0,0,1,0.0,0.0,0.0,0.0,1,1,1,0,1,0,2,174560.0,0,309885.0,0,13.28,100.0,20,0,0,5,0,,,
,21 Tir 1400 00:47:22,1900-03-03,"-3.372870, 36.786850","T2, 10.56 km from Arusha",,0/0,0.0,0.0,0.0,0,0,0,1,0,0,1,0.0,0.0,0.0,0.0,1,1,1,0,1,0,2,174560.0,0,309885.0,0,13.33,100.0,2,0,0,5,0,,,
,21 Tir 1400 00:47:38,1900-02-22,"-3.372970, 36.784960","T2, 10.35 km from Arusha",,0/0,0.0,0.0,0.0,0,0,0,1,0,0,1,0.0,0.0,0.0,0.0,1,1,1,0,1,0,2,174560.26,0,309885.0,0,13.33,100.0,13,0,0,5,0,,,
,21 Tir 1400 00:48:26,1900-03-13,"-3.374130, 36.777160","T2, Arusha",,0/0,0.0,0.0,0.0,0,0,0,1,0,0,1,0.0,0.0,0.0,0.0,1,1,1,0,1,0,2,174561.28,0,309886.0,0,13.33,100.0,13,0,0,5,0,,,
,21 Tir 1400 00:48:38,1900-03-21,"-3.374480, 36.774630","T2, Arusha",overspeeding,0/0,0.0,0.0,0.0,0,0,0,1,0,0,1,0.0,0.0,0.0,0.0,1,1,1,0,1,0,2,174561.54,0,309886.0,0,13.33,100.0,4,0,0,5,0,,,
,21 Tir 1400 00:48:57,1900-03-01,"-3.374680, 36.771760","T2, Arusha",,0/0,0.0,0.0,0.0,0,0,0,1,0,0,1,0.0,0.0,0.0,0.0,1,1,1,0,1,0,2,174561.79,0,309887.0,0,13.37,100.0,13,0,0,5,0,,,
,21 Tir 1400 00:49:38,1900-02-28,"-3.374950, 36.766310","T2, Arusha",,0/0,0.0,0.0,0.0,0,0,0,1,0,0,1,0.0,0.0,0.0,0.0,1,1,1,0,1,0,2,174562.3,0,309887.0,0,13.52,100.0,13,0,0,5,0,,,
,21 Tir 1400 00:50:22,1900-02-21,"-3.375190, 36.761000","Arusha, T2",,0/0,0.0,0.0,0.0,0,0,0,1,0,0,1,0.0,0.0,0.0,0.0,1,1,1,0,1,0,2,174562.82,0,309888.0,0,13.57,100.0,2,0,0,5,0,,,
,21 Tir 1400 00:50:44,1900-02-23,"-3.374760, 36.757880","Arusha, T2",,0/0,0.0,0.0,0.0,0,0,0,1,0,0,1,0.0,0.0,0.0,0.0,1,1,1,0,1,0,2,174563.33,0,309889.0,0,13.57,100.0,13,0,0,5,0,,,
,21 Tir 1400 00:51:22,1900-02-23,"-3.374170, 36.753470","Arusha, T2",,0/0,0.0,0.0,0.0,0,0,0,1,0,0,1,0.0,0.0,0.0,0.0,1,1,1,0,1,0,2,174563.84,0,309889.0,0,13.62,100.0,13,0,0,5,0,,,
,21 Tir 1400 00:51:43,1900-02-17,"-3.374900, 36.751060","Arusha, T2",,0/0,0.0,0.0,0.0,0,0,0,1,0,0,1,0.0,0.0,0.0,0.0,1,1,1,0,1,0,2,174564.1,0,309890.0,0,13.67,100.0,20,0,0,5,0,,,
,21 Tir 1400 00:52:13,1900-02-23,"-3.376110, 36.747140","Arusha, T2",,0/0,0.0,0.0,0.0,0,0,0,1,0,0,1,0.0,0.0,0.0,0.0,1,1,1,0,1,0,2,174564.61,0,309890.0,0,13.72,100.0,13,0,0,5,0,,,
,21 Tir 1400 00:52:28,1900-02-14,"-3.376090, 36.745710","Arusha, T2",,0/0,0.0,0.0,0.0,0,0,0,1,0,0,1,0.0,0.0,0.0,0.0,1,1,1,0,1,0,2,174564.61,0,309890.0,0,13.72,100.0,20,0,0,5,0,,,
,21 Tir 1400 00:52:48,1900-02-19,"-3.375400, 36.743370","Arusha, T2",,0/0,0.0,0.0,0.0,0,0,0,1,0,0,1,0.0,0.0,0.0,0.0,1,1,1,0,1,0,2,174564.86,0,309891.0,0,13.72,100.0,13,0,0,5,0,,,
,21 Tir 1400 00:52:54,1900-02-16,"-3.375150, 36.742800","Arusha, T2",,0/0,0.0,0.0,0.0,0,0,0,1,0,0,1,0.0,0.0,0.0,0.0,1,1,1,0,1,0,2,174564.86,0,309891.0,0,13.67,100.0,20,0,0,5,0,,,
,21 Tir 1400 00:53:22,1900-02-21,"-3.373540, 36.739380","Arusha, T2",,0/0,0.0,0.0,0.0,0,0,0,1,0,0,1,0.0,0.0,0.0,0.0,1,1,1,0,1,0,2,174565.38,0,309891.0,0,13.67,100.0,2,0,0,5,0,,,
,21 Tir 1400 00:53:29,1900-02-17,"-3.373120, 36.738720","Arusha, T2",,0/0,0.0,0.0,0.0,0,0,0,1,0,0,1,0.0,0.0,0.0,0.0,1,1,1,0,1,0,2,174565.38,0,309891.0,0,13.67,100.0,13,0,0,5,0,,,
,21 Tir 1400 00:53:55,1900-02-23,"-3.371230, 36.736240","Arusha, T2",,0/0,0.0,0.0,0.0,0,0,0,1,0,0,1,0.0,0.0,0.0,0.0,1,1,1,0,1,0,2,174565.89,0,309892.0,0,13.62,100.0,20,0,0,5,0,,,
,21 Tir 1400 00:54:44,1900-02-28,"-3.367660, 36.730060","Arusha, T2",,0/0,0.0,0.0,0.0,0,0,0,1,0,0,1,0.0,0.0,0.0,0.0,1,1,1,0,1,0,2,174566.66,0,309893.0,0,13.62,100.0,20,0,0,5,0,,,
,21 Tir 1400 00:55:07,1900-02-28,"-3.367220, 36.726550","Arusha, T2",,0/0,0.0,0.0,0.0,0,0,0,1,0,0,1,0.0,0.0,0.0,0.0,1,1,1,0,1,0,2,174566.91,0,309893.0,0,13.52,100.0,13,0,0,5,0,,,
,21 Tir 1400 00:55:18,1900-02-24,"-3.367250, 36.725250","Arusha, T2",,0/0,0.0,0.0,0.0,0,0,0,1,0,0,1,0.0,0.0,0.0,0.0,1,1,1,0,1,0,2,174567.17,0,309893.0,0,13.57,100.0,20,0,0,5,0,,,
,21 Tir 1400 00:55:40,1900-02-28,"-3.367350, 36.721810","Arusha, T2",,0/0,0.0,0.0,0.0,0,0,0,1,0,0,1,0.0,0.0,0.0,0.0,1,1,1,0,1,0,2,174567.42,0,309893.0,0,13.57,100.0,13,0,0,5,0,,,
,21 Tir 1400 00:56:23,1900-02-28,"-3.367430, 36.715660","Arusha, T2",,0/0,0.0,0.0,0.0,0,0,0,1,0,0,1,0.0,0.0,0.0,0.0,1,1,1,0,1,0,2,174568.19,0,309894.0,0,13.57,100.0,2,0,0,5,0,,,
,21 Tir 1400 00:56:47,1900-02-27,"-3.367160, 36.711880","Arusha, T2",,0/0,0.0,0.0,0.0,0,0,0,1,0,0,1,0.0,0.0,0.0,0.0,1,1,1,0,1,0,2,174568.45,0,309895.0,0,13.57,100.0,13,0,0,5,0,,,
,21 Tir 1400 00:57:04,1900-03-03,"-3.366480, 36.709490","Arusha, T2",,0/0,0.0,0.0,0.0,0,0,0,1,0,0,1,0.0,0.0,0.0,0.0,1,1,1,0,1,0,2,174568.96,0,309895.0,0,13.62,100.0,20,0,0,5,0,,,
,21 Tir 1400 00:57:56,1900-02-21,"-3.364490, 36.704430","Arusha, Nairobi-Moshi Road",,0/0,0.0,0.0,0.0,0,0,0,1,0,0,1,0.0,0.0,0.0,0.0,1,1,1,0,1,0,2,174569.47,0,309896.0,0,13.72,100.0,13,0,0,5,0,,,
,21 Tir 1400 00:58:39,1900-03-12,"-3.362120, 36.697670","Arusha, Nairobi-Moshi Road",,0/0,0.0,0.0,0.0,0,0,0,1,0,0,1,0.0,0.0,0.0,0.0,1,1,1,0,1,0,2,174570.24,0,309896.0,0,13.62,100.0,13,0,0,5,0,,,
,21 Tir 1400 00:59:20,1900-02-28,"-3.361360, 36.691790","Arusha, Nairobi-Moshi Road",,0/0,0.0,0.0,0.0,0,0,0,1,0,0,1,0.0,0.0,0.0,0.0,1,1,1,0,1,0,2,174570.75,0,309897.0,0,13.62,100.0,13,0,0,5,0,,,
,21 Tir 1400 00:59:20,1900-02-28,"-3.361360, 36.691790","Arusha, Nairobi-Moshi Road",,0/0,0.0,0.0,0.0,0,0,0,1,0,0,1,0.0,0.0,0.0,0.0,1,1,1,0,1,0,2,174570.75,0,309897.0,0,13.62,100.0,2,0,0,5,0,,,
,21 Tir 1400 00:59:26,1900-02-25,"-3.361340, 36.691190","Arusha, Nairobi-Moshi Road",,0/0,0.0,0.0,0.0,0,0,0,1,0,0,1,0.0,0.0,0.0,0.0,1,1,1,0,1,0,2,174571.01,0,309897.0,0,13.62,100.0,20,0,0,5,0,,,
,21 Tir 1400 01:00:04,1900-03-02,"-3.361780, 36.685700","Arusha, Nairobi-Moshi Road",,0/0,0.0,0.0,0.0,0,0,0,1,0,0,1,0.0,0.0,0.0,0.0,1,1,1,0,1,0,2,174571.52,0,309898.0,0,13.67,100.0,13,0,0,5,0,,,
,21 Tir 1400 01:00:32,1900-02-13,"-3.362960, 36.683570","Arusha, Col Middleton Road",,0/0,0.0,0.0,0.0,0,0,0,1,0,0,1,0.0,0.0,0.0,0.0,1,1,1,0,1,0,2,174571.78,0,309898.0,0,13.72,100.0,20,0,0,5,0,,,
,21 Tir 1400 01:00:35,1900-02-13,"-3.363300, 36.683630","Arusha, Col Middleton Road",,0/0,0.0,0.0,0.0,0,0,0,1,0,0,1,0.0,0.0,0.0,0.0,1,1,1,0,1,0,2,174571.78,0,309898.0,0,13.67,100.0,13,0,0,5,0,,,
,21 Tir 1400 01:01:07,1900-01-23,"-3.365330, 36.684450","Arusha, Florida Roundabout",,0/0,0.0,0.0,0.0,0,0,0,1,0,0,1,0.0,0.0,0.0,0.0,1,1,1,0,1,0,2,174572.03,0,309899.0,0,13.72,100.0,13,0,0,5,0,,,
,21 Tir 1400 01:01:09,1900-01-22,"-3.365390, 36.684520","Arusha, Florida Roundabout",,0/0,0.0,0.0,0.0,0,0,0,1,0,0,1,0.0,0.0,0.0,0.0,1,1,1,0,1,0,2,174572.03,0,309899.0,0,13.57,100.0,20,0,0,5,0,,,
,21 Tir 1400 01:01:21,1900-01-16,"-3.365650, 36.684370","Arusha, Florida Roundabout",,0/0,0.0,0.0,0.0,0,0,0,1,0,0,1,0.0,0.0,0.0,0.0,1,1,1,0,1,0,2,174572.03,0,309899.0,0,13.72,100.0,20,0,0,5,0,,,
,21 Tir 1400 01:01:47,1900-01-20,"-3.365800, 36.682740","Arusha, Father Babu Road",,0/0,0.0,0.0,0.0,0,0,0,1,0,0,1,0.0,0.0,0.0,0.0,1,1,1,0,1,0,2,174572.29,0,309900.0,0,13.72,100.0,20,0,0,5,0,,,
,21 Tir 1400 01:01:47,1900-01-20,"-3.365800, 36.682740","Arusha, Father Babu Road",,0/0,0.0,0.0,0.0,0,0,0,1,0,0,1,0.0,0.0,0.0,0.0,1,1,1,0,1,0,2,174572.29,0,309900.0,0,13.72,100.0,13,0,0,5,0,,,
,21 Tir 1400 01:02:15,1900-01-15,"-3.366290, 36.682290","Arusha, Wachaga Street",,0/0,0.0,0.0,0.0,0,0,0,1,0,0,1,0.0,0.0,0.0,0.0,1,1,1,0,1,0,2,174572.29,0,309900.0,0,13.67,100.0,20,0,0,5,0,,,
,21 Tir 1400 01:02:20,1900-01-14,"-3.366400, 36.682210","Arusha, Wachaga Street",,0/0,0.0,0.0,0.0,0,0,0,1,0,0,1,0.0,0.0,0.0,0.0,1,1,1,0,1,0,2,174572.54,0,309900.0,0,13.72,100.0,13,0,0,5,0,,,
,21 Tir 1400 01:02:24,1900-01-12,"-3.366460, 36.682220","Arusha, Wachaga Street",,0/0,0.0,0.0,0.0,0,0,0,1,0,0,1,0.0,0.0,0.0,0.0,1,1,1,0,1,0,2,174572.54,0,309900.0,0,13.67,100.0,2,0,0,5,0,,,
,21 Tir 1400 01:05:24,,"-3.366460, 36.682210","Arusha, Wachaga Street",Arrive Selian after just less than 2 hours from Umbwe gate. Total KMs from Umbwe gate to Selian 111,0/0,0.0,0.0,0.0,0,0,0,1,0,0,1,0.0,0.0,0.0,0.0,1,1,1,0,1,0,2,174572.54,0,309903.0,0,13.47,100.0,2,0,0,5,0,,,KMs covered to reach Selian since guest helath condition become worst
